type,f3,name,set,number,rarity,source,qr_value_pokemon,qr_value_trainer,image
Pokemon,10,Bulbasaur,A1,1,C,normal,10,10000010,cPK_10_000010_00_FUSHIGIDANE_C.webp
Pokemon,20,Ivysaur,A1,2,U,normal,20,10000020,cPK_10_000020_00_FUSHIGISOU_U.webp
Pokemon,30,Venusaur,A1,3,R,normal,30,10000030,cPK_10_000030_00_FUSHIGIBANA_R.webp
Pokemon,40,Venusaur ex,A1,4,RR,normal,40,10000040,cPK_10_000040_00_FUSHIGIBANAex_RR.webp
Pokemon,50,Caterpie,A1,5,C,normal,50,10000050,cPK_10_000050_00_CATERPIE_C.webp
Pokemon,60,Metapod,A1,6,C,normal,60,10000060,cPK_10_000060_00_TRANSEL_C.webp
Pokemon,70,Butterfree,A1,7,R,normal,70,10000070,cPK_10_000070_00_BUTTERFREE_R.webp
Pokemon,80,Weedle,A1,8,C,normal,80,10000080,cPK_10_000080_00_BEEDLE_C.webp
Pokemon,90,Kakuna,A1,9,C,normal,90,10000090,cPK_10_000090_00_COCOON_C.webp
Pokemon,100,Beedrill,A1,10,R,normal,100,10000100,cPK_10_000100_00_SPEAR_R.webp
Pokemon,110,Oddish,A1,11,C,normal,110,10000110,cPK_10_000110_00_NAZONOKUSA_C.webp
Pokemon,120,Gloom,A1,12,U,normal,120,10000120,cPK_10_000120_00_KUSAIHANA_U.webp
Pokemon,130,Vileplume,A1,13,R,normal,130,10000130,cPK_10_000130_00_RUFFRESIA_R.webp
Pokemon,140,Paras,A1,14,C,normal,140,10000140,cPK_10_000140_00_PARAS_C.webp
Pokemon,150,Parasect,A1,15,U,normal,150,10000150,cPK_10_000150_00_PARASECT_U.webp
Pokemon,160,Venonat,A1,16,C,normal,160,10000160,cPK_10_000160_00_KONGPANG_C.webp
Pokemon,170,Venomoth,A1,17,U,normal,170,10000170,cPK_10_000170_00_MORPHON_U.webp
Pokemon,180,Bellsprout,A1,18,C,normal,180,10000180,cPK_10_000180_00_MADATSUBOMI_C.webp
Pokemon,190,Weepinbell,A1,19,U,normal,190,10000190,cPK_10_000190_00_UTSUDON_U.webp
Pokemon,200,Victreebel,A1,20,R,normal,200,10000200,cPK_10_000200_00_UTSUBOT_R.webp
Pokemon,210,Exeggcute,A1,21,C,normal,210,10000210,cPK_10_000210_00_TAMATAMA_C.webp
Pokemon,220,Exeggutor,A1,22,R,normal,220,10000220,cPK_10_000220_00_NASSY_R.webp
Pokemon,230,Exeggutor ex,A1,23,RR,normal,230,10000230,cPK_10_000230_00_NASSYex_RR.webp
Pokemon,240,Tangela,A1,24,C,normal,240,10000240,cPK_10_000240_00_MONJARA_C.webp
Pokemon,250,Scyther,A1,25,C,normal,250,10000250,cPK_10_000250_00_STRIKE_C.webp
Pokemon,260,Pinsir,A1,26,U,normal,260,10000260,cPK_10_000260_00_KAILIOS_U.webp
Pokemon,270,Cottonee,A1,27,C,normal,270,10000270,cPK_10_000270_00_MONMEN_C.webp
Pokemon,280,Whimsicott,A1,28,U,normal,280,10000280,cPK_10_000280_00_ELFUUN_U.webp
Pokemon,290,Petilil,A1,29,C,normal,290,10000290,cPK_10_000290_00_CHURINE_C.webp
Pokemon,300,Lilligant,A1,30,U,normal,300,10000300,cPK_10_000300_00_DREDEAR_U.webp
Pokemon,310,Skiddo,A1,31,C,normal,310,10000310,cPK_10_000310_00_MEECLE_C.webp
Pokemon,320,Gogoat,A1,32,C,normal,320,10000320,cPK_10_000320_00_GOGOAT_C.webp
Pokemon,330,Charmander,A1,33,C,normal,330,10000330,cPK_10_000330_00_HITOKAGE_C.webp
Pokemon,340,Charmeleon,A1,34,U,normal,340,10000340,cPK_10_000340_00_LIZARDO_U.webp
Pokemon,350,Charizard,A1,35,R,normal,350,10000350,cPK_10_000350_00_LIZARDON_R.webp
Pokemon,360,Charizard ex,A1,36,RR,normal,360,10000360,cPK_10_000360_00_LIZARDONex_RR.webp
Pokemon,370,Vulpix,A1,37,C,normal,370,10000370,cPK_10_000370_00_ROKON_C.webp
Pokemon,380,Ninetales,A1,38,U,normal,380,10000380,cPK_10_000380_00_KYUKON_U.webp
Pokemon,390,Growlithe,A1,39,C,normal,390,10000390,cPK_10_000390_00_GARDIE_C.webp
Pokemon,400,Arcanine,A1,40,R,normal,400,10000400,cPK_10_000400_00_WINDIE_R.webp
Pokemon,410,Arcanine ex,A1,41,RR,normal,410,10000410,cPK_10_000410_00_WINDIEex_RR.webp
Pokemon,420,Ponyta,A1,42,C,normal,420,10000420,cPK_10_000420_00_PONYTA_C.webp
Pokemon,430,Rapidash,A1,43,U,normal,430,10000430,cPK_10_000430_00_GALLOP_U.webp
Pokemon,440,Magmar,A1,44,C,normal,440,10000440,cPK_10_000440_00_BOOBER_C.webp
Pokemon,450,Flareon,A1,45,R,normal,450,10000450,cPK_10_000450_00_BOOSTER_R.webp
Pokemon,460,Moltres,A1,46,R,normal,460,10000460,cPK_10_000460_00_FIRE_R.webp
Pokemon,470,Moltres ex,A1,47,RR,normal,470,10000470,cPK_10_000470_00_FIREex_RR.webp
Pokemon,480,Heatmor,A1,48,C,normal,480,10000480,cPK_10_000480_00_KUITARAN_C.webp
Pokemon,490,Salandit,A1,49,C,normal,490,10000490,cPK_10_000490_00_YATOUMORI_C.webp
Pokemon,500,Salazzle,A1,50,C,normal,500,10000500,cPK_10_000500_00_ENNEWT_C.webp
Pokemon,510,Sizzlipede,A1,51,C,normal,510,10000510,cPK_10_000510_00_YAKUDE_C.webp
Pokemon,520,Centiskorch,A1,52,U,normal,520,10000520,cPK_10_000520_00_MARUYAKUDE_U.webp
Pokemon,530,Squirtle,A1,53,C,normal,530,10000530,cPK_10_000530_00_ZENIGAME_C.webp
Pokemon,540,Wartortle,A1,54,U,normal,540,10000540,cPK_10_000540_00_KAMEIL_U.webp
Pokemon,550,Blastoise,A1,55,R,normal,550,10000550,cPK_10_000550_00_KAMEX_R.webp
Pokemon,560,Blastoise ex,A1,56,RR,normal,560,10000560,cPK_10_000560_00_KAMEXex_RR.webp
Pokemon,570,Psyduck,A1,57,C,normal,570,10000570,cPK_10_000570_00_KODUCK_C.webp
Pokemon,580,Golduck,A1,58,U,normal,580,10000580,cPK_10_000580_00_GOLDUCK_U.webp
Pokemon,590,Poliwag,A1,59,C,normal,590,10000590,cPK_10_000590_00_NYOROMO_C.webp
Pokemon,600,Poliwhirl,A1,60,U,normal,600,10000600,cPK_10_000600_00_NYOROZO_U.webp
Pokemon,610,Poliwrath,A1,61,R,normal,610,10000610,cPK_10_000610_00_NYOROBON_R.webp
Pokemon,620,Tentacool,A1,62,C,normal,620,10000620,cPK_10_000620_00_MENOKURAGE_C.webp
Pokemon,630,Tentacruel,A1,63,U,normal,630,10000630,cPK_10_000630_00_DOKUKURAGE_U.webp
Pokemon,640,Seel,A1,64,C,normal,640,10000640,cPK_10_000640_00_PAWOU_C.webp
Pokemon,650,Dewgong,A1,65,U,normal,650,10000650,cPK_10_000650_00_JUGON_U.webp
Pokemon,660,Shellder,A1,66,C,normal,660,10000660,cPK_10_000660_00_SHELLDER_C.webp
Pokemon,670,Cloyster,A1,67,U,normal,670,10000670,cPK_10_000670_00_PARSHEN_U.webp
Pokemon,680,Krabby,A1,68,C,normal,680,10000680,cPK_10_000680_00_CRAB_C.webp
Pokemon,690,Kingler,A1,69,U,normal,690,10000690,cPK_10_000690_00_KINGLER_U.webp
Pokemon,700,Horsea,A1,70,C,normal,700,10000700,cPK_10_000700_00_TATTU_C.webp
Pokemon,710,Seadra,A1,71,U,normal,710,10000710,cPK_10_000710_00_SEADRA_U.webp
Pokemon,720,Goldeen,A1,72,C,normal,720,10000720,cPK_10_000720_00_TOSAKINTO_C.webp
Pokemon,730,Seaking,A1,73,C,normal,730,10000730,cPK_10_000730_00_AZUMAO_C.webp
Pokemon,740,Staryu,A1,74,C,normal,740,10000740,cPK_10_000740_00_HITODEMAN_C.webp
Pokemon,750,Starmie,A1,75,U,normal,750,10000750,cPK_10_000750_00_STARMIE_U.webp
Pokemon,760,Starmie ex,A1,76,RR,normal,760,10000760,cPK_10_000760_00_STARMIEex_RR.webp
Pokemon,770,Magikarp,A1,77,C,normal,770,10000770,cPK_10_000770_00_KOIKING_C.webp
Pokemon,780,Gyarados,A1,78,R,normal,780,10000780,cPK_10_000780_00_GYARADOS_R.webp
Pokemon,790,Lapras,A1,79,R,normal,790,10000790,cPK_10_000790_00_LAPLACE_R.webp
Pokemon,800,Vaporeon,A1,80,R,normal,800,10000800,cPK_10_000800_00_SHOWERS_R.webp
Pokemon,810,Omanyte,A1,81,U,normal,810,10000810,cPK_10_000810_00_OMNITE_U.webp
Pokemon,820,Omastar,A1,82,R,normal,820,10000820,cPK_10_000820_00_OMSTAR_R.webp
Pokemon,830,Articuno,A1,83,R,normal,830,10000830,cPK_10_000830_00_FREEZER_R.webp
Pokemon,840,Articuno ex,A1,84,RR,normal,840,10000840,cPK_10_000840_00_FREEZERex_RR.webp
Pokemon,850,Ducklett,A1,85,C,normal,850,10000850,cPK_10_000850_00_KOARUHIE_C.webp
Pokemon,860,Swanna,A1,86,U,normal,860,10000860,cPK_10_000860_00_SWANNA_U.webp
Pokemon,870,Froakie,A1,87,C,normal,870,10000870,cPK_10_000870_00_KEROMATSU_C.webp
Pokemon,880,Frogadier,A1,88,U,normal,880,10000880,cPK_10_000880_00_GEKOGASHIRA_U.webp
Pokemon,890,Greninja,A1,89,R,normal,890,10000890,cPK_10_000890_00_GEKKOUGA_R.webp
Pokemon,900,Pyukumuku,A1,90,C,normal,900,10000900,cPK_10_000900_00_NAMAKOBUSHI_C.webp
Pokemon,910,Bruxish,A1,91,U,normal,910,10000910,cPK_10_000910_00_HAGIGISHIRI_U.webp
Pokemon,920,Snom,A1,92,C,normal,920,10000920,cPK_10_000920_00_YUKIHAMI_C.webp
Pokemon,930,Frosmoth,A1,93,U,normal,930,10000930,cPK_10_000930_00_MOTHNOW_U.webp
Pokemon,940,Pikachu,A1,94,C,normal,940,10000940,cPK_10_000940_00_PIKACHU_C.webp
Pokemon,950,Raichu,A1,95,R,normal,950,10000950,cPK_10_000950_00_RAICHU_R.webp
Pokemon,960,Pikachu ex,A1,96,RR,normal,960,10000960,cPK_10_000960_00_PIKACHUex_RR.webp
Pokemon,970,Magnemite,A1,97,C,normal,970,10000970,cPK_10_000970_00_COIL_C.webp
Pokemon,980,Magneton,A1,98,R,normal,980,10000980,cPK_10_000980_00_RARECOIL_R.webp
Pokemon,990,Voltorb,A1,99,C,normal,990,10000990,cPK_10_000990_00_BIRIRIDAMA_C.webp
Pokemon,1000,Electrode,A1,100,U,normal,1000,10001000,cPK_10_001000_00_MARUMINE_U.webp
Pokemon,1010,Electabuzz,A1,101,C,normal,1010,10001010,cPK_10_001010_00_ELEBOO_C.webp
Pokemon,1020,Jolteon,A1,102,R,normal,1020,10001020,cPK_10_001020_00_THUNDERS_R.webp
Pokemon,1030,Zapdos,A1,103,R,normal,1030,10001030,cPK_10_001030_00_THUNDER_R.webp
Pokemon,1040,Zapdos ex,A1,104,RR,normal,1040,10001040,cPK_10_001040_00_THUNDERex_RR.webp
Pokemon,1050,Blitzle,A1,105,C,normal,1050,10001050,cPK_10_001050_00_SHIMAMA_C.webp
Pokemon,1060,Zebstrika,A1,106,U,normal,1060,10001060,cPK_10_001060_00_ZEBRAIKA_U.webp
Pokemon,1070,Tynamo,A1,107,C,normal,1070,10001070,cPK_10_001070_00_SHIBISHIRASU_C.webp
Pokemon,1080,Eelektrik,A1,108,U,normal,1080,10001080,cPK_10_001080_00_SHIBIBEEL_U.webp
Pokemon,1090,Eelektross,A1,109,R,normal,1090,10001090,cPK_10_001090_00_SHIBIRUDON_R.webp
Pokemon,1100,Helioptile,A1,110,C,normal,1100,10001100,cPK_10_001100_00_ERIKITERU_C.webp
Pokemon,1110,Heliolisk,A1,111,C,normal,1110,10001110,cPK_10_001110_00_ELEZARD_C.webp
Pokemon,1120,Pincurchin,A1,112,U,normal,1120,10001120,cPK_10_001120_00_BACHINUNI_U.webp
Pokemon,1130,Clefairy,A1,113,C,normal,1130,10001130,cPK_10_001130_00_PIPPI_C.webp
Pokemon,1140,Clefable,A1,114,U,normal,1140,10001140,cPK_10_001140_00_PIXY_U.webp
Pokemon,1150,Abra,A1,115,C,normal,1150,10001150,cPK_10_001150_00_CASEY_C.webp
Pokemon,1160,Kadabra,A1,116,U,normal,1160,10001160,cPK_10_001160_00_YUNGERER_U.webp
Pokemon,1170,Alakazam,A1,117,R,normal,1170,10001170,cPK_10_001170_00_FOODIN_R.webp
Pokemon,1180,Slowpoke,A1,118,C,normal,1180,10001180,cPK_10_001180_00_YADON_C.webp
Pokemon,1190,Slowbro,A1,119,U,normal,1190,10001190,cPK_10_001190_00_YADORAN_U.webp
Pokemon,1200,Gastly,A1,120,C,normal,1200,10001200,cPK_10_001200_00_GHOS_C.webp
Pokemon,1210,Haunter,A1,121,U,normal,1210,10001210,cPK_10_001210_00_GHOST_U.webp
Pokemon,1220,Gengar,A1,122,R,normal,1220,10001220,cPK_10_001220_00_GANGAR_R.webp
Pokemon,1230,Gengar ex,A1,123,RR,normal,1230,10001230,cPK_10_001230_00_GANGARex_RR.webp
Pokemon,1240,Drowzee,A1,124,C,normal,1240,10001240,cPK_10_001240_00_SLEEPE_C.webp
Pokemon,1250,Hypno,A1,125,R,normal,1250,10001250,cPK_10_001250_00_SLEEPER_R.webp
Pokemon,1260,Mr. Mime,A1,126,U,normal,1260,10001260,cPK_10_001260_00_BARRIERD_U.webp
Pokemon,1270,Jynx,A1,127,C,normal,1270,10001270,cPK_10_001270_00_ROUGELA_C.webp
Pokemon,1280,Mewtwo,A1,128,R,normal,1280,10001280,cPK_10_001280_00_MEWTWO_R.webp
Pokemon,1290,Mewtwo ex,A1,129,RR,normal,1290,10001290,cPK_10_001290_00_MEWTWOex_RR.webp
Pokemon,1300,Ralts,A1,130,C,normal,1300,10001300,cPK_10_001300_00_RALTS_C.webp
Pokemon,1310,Kirlia,A1,131,U,normal,1310,10001310,cPK_10_001310_00_KIRLIA_U.webp
Pokemon,1320,Gardevoir,A1,132,R,normal,1320,10001320,cPK_10_001320_00_SIRNIGHT_R.webp
Pokemon,1330,Woobat,A1,133,C,normal,1330,10001330,cPK_10_001330_00_KOROMORI_C.webp
Pokemon,1340,Swoobat,A1,134,C,normal,1340,10001340,cPK_10_001340_00_KOKOROMORI_C.webp
Pokemon,1350,Golett,A1,135,C,normal,1350,10001350,cPK_10_001350_00_GOBIT_C.webp
Pokemon,1360,Golurk,A1,136,U,normal,1360,10001360,cPK_10_001360_00_GOLOOG_U.webp
Pokemon,1370,Sandshrew,A1,137,C,normal,1370,10001370,cPK_10_001370_00_SAND_C.webp
Pokemon,1380,Sandslash,A1,138,U,normal,1380,10001380,cPK_10_001380_00_SANDPAN_U.webp
Pokemon,1390,Diglett,A1,139,C,normal,1390,10001390,cPK_10_001390_00_DIGDA_C.webp
Pokemon,1400,Dugtrio,A1,140,U,normal,1400,10001400,cPK_10_001400_00_DUGTRIO_U.webp
Pokemon,1410,Mankey,A1,141,C,normal,1410,10001410,cPK_10_001410_00_MANKEY_C.webp
Pokemon,1420,Primeape,A1,142,U,normal,1420,10001420,cPK_10_001420_00_OKORIZARU_U.webp
Pokemon,1430,Machop,A1,143,C,normal,1430,10001430,cPK_10_001430_00_WANRIKY_C.webp
Pokemon,1440,Machoke,A1,144,U,normal,1440,10001440,cPK_10_001440_00_GORIKY_U.webp
Pokemon,1450,Machamp,A1,145,R,normal,1450,10001450,cPK_10_001450_00_KAIRIKY_R.webp
Pokemon,1460,Machamp ex,A1,146,RR,normal,1460,10001460,cPK_10_001460_00_KAIRIKYex_RR.webp
Pokemon,1470,Geodude,A1,147,C,normal,1470,10001470,cPK_10_001470_00_ISITSUBUTE_C.webp
Pokemon,1480,Graveler,A1,148,U,normal,1480,10001480,cPK_10_001480_00_GOLONE_U.webp
Pokemon,1490,Golem,A1,149,R,normal,1490,10001490,cPK_10_001490_00_GOLONYA_R.webp
Pokemon,1500,Onix,A1,150,U,normal,1500,10001500,cPK_10_001500_00_IWARK_U.webp
Pokemon,1510,Cubone,A1,151,C,normal,1510,10001510,cPK_10_001510_00_KARAKARA_C.webp
Pokemon,1520,Marowak,A1,152,U,normal,1520,10001520,cPK_10_001520_00_GARAGARA_U.webp
Pokemon,1530,Marowak ex,A1,153,RR,normal,1530,10001530,cPK_10_001530_00_GARAGARAex_RR.webp
Pokemon,1540,Hitmonlee,A1,154,C,normal,1540,10001540,cPK_10_001540_00_SAWAMULAR_C.webp
Pokemon,1550,Hitmonchan,A1,155,C,normal,1550,10001550,cPK_10_001550_00_EBIWALAR_C.webp
Pokemon,1560,Rhyhorn,A1,156,C,normal,1560,10001560,cPK_10_001560_00_SIHORN_C.webp
Pokemon,1570,Rhydon,A1,157,U,normal,1570,10001570,cPK_10_001570_00_SIDON_U.webp
Pokemon,1580,Kabuto,A1,158,U,normal,1580,10001580,cPK_10_001580_00_KABUTO_U.webp
Pokemon,1590,Kabutops,A1,159,R,normal,1590,10001590,cPK_10_001590_00_KABUTOPS_R.webp
Pokemon,1600,Mienfoo,A1,160,C,normal,1600,10001600,cPK_10_001600_00_KOJOFU_C.webp
Pokemon,1610,Mienshao,A1,161,U,normal,1610,10001610,cPK_10_001610_00_KOJONDO_U.webp
Pokemon,1620,Clobbopus,A1,162,C,normal,1620,10001620,cPK_10_001620_00_TATAKKO_C.webp
Pokemon,1630,Grapploct,A1,163,U,normal,1630,10001630,cPK_10_001630_00_OTOSUPUS_U.webp
Pokemon,1640,Ekans,A1,164,C,normal,1640,10001640,cPK_10_001640_00_ARBO_C.webp
Pokemon,1650,Arbok,A1,165,U,normal,1650,10001650,cPK_10_001650_00_ARBOK_U.webp
Pokemon,1660,Nidoran♀,A1,166,C,normal,1660,10001660,cPK_10_001660_00_NIDORAN♀_C.webp
Pokemon,1670,Nidorina,A1,167,U,normal,1670,10001670,cPK_10_001670_00_NIDORINA_U.webp
Pokemon,1680,Nidoqueen,A1,168,R,normal,1680,10001680,cPK_10_001680_00_NIDOQUEEN_R.webp
Pokemon,1690,Nidoran♂,A1,169,C,normal,1690,10001690,cPK_10_001690_00_NIDORAN♂_C.webp
Pokemon,1700,Nidorino,A1,170,U,normal,1700,10001700,cPK_10_001700_00_NIDORINO_U.webp
Pokemon,1710,Nidoking,A1,171,R,normal,1710,10001710,cPK_10_001710_00_NIDOKING_R.webp
Pokemon,1720,Zubat,A1,172,C,normal,1720,10001720,cPK_10_001720_00_ZUBAT_C.webp
Pokemon,1730,Golbat,A1,173,U,normal,1730,10001730,cPK_10_001730_00_GOLBAT_U.webp
Pokemon,1740,Grimer,A1,174,C,normal,1740,10001740,cPK_10_001740_00_BETBETER_C.webp
Pokemon,1750,Muk,A1,175,R,normal,1750,10001750,cPK_10_001750_00_BETBETON_R.webp
Pokemon,1760,Koffing,A1,176,C,normal,1760,10001760,cPK_10_001760_00_DOGARS_C.webp
Pokemon,1770,Weezing,A1,177,R,normal,1770,10001770,cPK_10_001770_00_MATADOGAS_R.webp
Pokemon,1780,Mawile,A1,178,C,normal,1780,10001780,cPK_10_001780_00_KUCHEAT_C.webp
Pokemon,1790,Pawniard,A1,179,C,normal,1790,10001790,cPK_10_001790_00_KOMATANA_C.webp
Pokemon,1800,Bisharp,A1,180,U,normal,1800,10001800,cPK_10_001800_00_KIRIKIZAN_U.webp
Pokemon,1810,Meltan,A1,181,C,normal,1810,10001810,cPK_10_001810_00_MELTAN_C.webp
Pokemon,1820,Melmetal,A1,182,R,normal,1820,10001820,cPK_10_001820_00_MELMETAL_R.webp
Pokemon,1830,Dratini,A1,183,C,normal,1830,10001830,cPK_10_001830_00_MINIRYU_C.webp
Pokemon,1840,Dragonair,A1,184,U,normal,1840,10001840,cPK_10_001840_00_HAKURYU_U.webp
Pokemon,1850,Dragonite,A1,185,R,normal,1850,10001850,cPK_10_001850_00_KAIRYU_R.webp
Pokemon,1860,Pidgey,A1,186,C,normal,1860,10001860,cPK_10_001860_00_POPPO_C.webp
Pokemon,1870,Pidgeotto,A1,187,C,normal,1870,10001870,cPK_10_001870_00_PIGEON_C.webp
Pokemon,1880,Pidgeot,A1,188,R,normal,1880,10001880,cPK_10_001880_00_PIGEOT_R.webp
Pokemon,1890,Rattata,A1,189,C,normal,1890,10001890,cPK_10_001890_00_KORATTA_C.webp
Pokemon,1900,Raticate,A1,190,C,normal,1900,10001900,cPK_10_001900_00_RATTA_C.webp
Pokemon,1910,Spearow,A1,191,C,normal,1910,10001910,cPK_10_001910_00_ONISUZUME_C.webp
Pokemon,1920,Fearow,A1,192,C,normal,1920,10001920,cPK_10_001920_00_ONIDRILL_C.webp
Pokemon,1930,Jigglypuff,A1,193,C,normal,1930,10001930,cPK_10_001930_00_PURIN_C.webp
Pokemon,1940,Wigglytuff,A1,194,C,normal,1940,10001940,cPK_10_001940_00_PUKURIN_C.webp
Pokemon,1950,Wigglytuff ex,A1,195,RR,normal,1950,10001950,cPK_10_001950_00_PUKURINex_RR.webp
Pokemon,1960,Meowth,A1,196,C,normal,1960,10001960,cPK_10_001960_00_NYARTH_C.webp
Pokemon,1970,Persian,A1,197,U,normal,1970,10001970,cPK_10_001970_00_PERSIAN_U.webp
Pokemon,1980,Farfetch’d,A1,198,C,normal,1980,10001980,cPK_10_001980_00_KAMONEGI_C.webp
Pokemon,1990,Doduo,A1,199,C,normal,1990,10001990,cPK_10_001990_00_DODO_C.webp
Pokemon,2000,Dodrio,A1,200,U,normal,2000,10002000,cPK_10_002000_00_DODORIO_U.webp
Pokemon,2010,Lickitung,A1,201,U,normal,2010,10002010,cPK_10_002010_00_BERORINGA_U.webp
Pokemon,2020,Chansey,A1,202,U,normal,2020,10002020,cPK_10_002020_00_LUCKY_U.webp
Pokemon,2030,Kangaskhan,A1,203,R,normal,2030,10002030,cPK_10_002030_00_GARURA_R.webp
Pokemon,2040,Tauros,A1,204,U,normal,2040,10002040,cPK_10_002040_00_KENTAUROS_U.webp
Pokemon,2050,Ditto,A1,205,R,normal,2050,10002050,cPK_10_002050_00_METAMON_R.webp
Pokemon,2060,Eevee,A1,206,C,normal,2060,10002060,cPK_10_002060_00_EIEVUI_C.webp
Pokemon,2070,Porygon,A1,209,U,normal,2070,10002070,cPK_10_002070_00_PORYGON_U.webp
Pokemon,2080,Aerodactyl,A1,210,R,normal,2080,10002080,cPK_10_002080_00_PTERA_R.webp
Pokemon,2090,Snorlax,A1,211,R,normal,2090,10002090,cPK_10_002090_00_KABIGON_R.webp
Pokemon,2100,Minccino,A1,212,C,normal,2100,10002100,cPK_10_002100_00_CHILLARMY_C.webp
Pokemon,2110,Cinccino,A1,213,U,normal,2110,10002110,cPK_10_002110_00_CHILLACCINO_U.webp
Pokemon,2120,Wooloo,A1,214,C,normal,2120,10002120,cPK_10_002120_00_WOOLUU_C.webp
Pokemon,2130,Dubwool,A1,215,C,normal,2130,10002130,cPK_10_002130_00_BAIWOOLUU_C.webp
Pokemon,2140,Mew,A1a,31,R,normal,2140,10002140,cPK_10_002140_00_MEW_R.webp
Pokemon,2150,Exeggcute,A1a,1,C,normal,2150,10002150,cPK_10_002150_00_TAMATAMA_C.webp
Pokemon,2160,Exeggutor,A1a,2,U,normal,2160,10002160,cPK_10_002160_00_NASSY_U.webp
Pokemon,2170,Celebi ex,A1a,3,RR,normal,2170,10002170,cPK_10_002170_00_CELEBIex_RR.webp
Pokemon,2180,Snivy,A1a,4,C,normal,2180,10002180,cPK_10_002180_00_TSUTARJA_C.webp
Pokemon,2190,Servine,A1a,5,U,normal,2190,10002190,cPK_10_002190_00_JANOVY_U.webp
Pokemon,2200,Serperior,A1a,6,R,normal,2200,10002200,cPK_10_002200_00_JALORDA_R.webp
Pokemon,2210,Morelull,A1a,7,C,normal,2210,10002210,cPK_10_002210_00_NEMASYU_C.webp
Pokemon,2220,Shiinotic,A1a,8,U,normal,2220,10002220,cPK_10_002220_00_MASHADE_U.webp
Pokemon,2230,Dhelmise,A1a,9,U,normal,2230,10002230,cPK_10_002230_00_DADARIN_U.webp
Pokemon,2240,Ponyta,A1a,10,C,normal,2240,10002240,cPK_10_002240_00_PONYTA_C.webp
Pokemon,2250,Rapidash,A1a,11,U,normal,2250,10002250,cPK_10_002250_00_GALLOP_U.webp
Pokemon,2260,Magmar,A1a,12,U,normal,2260,10002260,cPK_10_002260_00_BOOBER_U.webp
Pokemon,2270,Larvesta,A1a,13,C,normal,2270,10002270,cPK_10_002270_00_MERLARVA_C.webp
Pokemon,2280,Volcarona,A1a,14,R,normal,2280,10002280,cPK_10_002280_00_ULGAMOTH_R.webp
Pokemon,2290,Salandit,A1a,15,C,normal,2290,10002290,cPK_10_002290_00_YATOUMORI_C.webp
Pokemon,2300,Salazzle,A1a,16,C,normal,2300,10002300,cPK_10_002300_00_ENNEWT_C.webp
Pokemon,2310,Magikarp,A1a,17,C,normal,2310,10002310,cPK_10_002310_00_KOIKING_C.webp
Pokemon,2320,Gyarados ex,A1a,18,RR,normal,2320,10002320,cPK_10_002320_00_GYARADOSex_RR.webp
Pokemon,2330,Vaporeon,A1a,19,R,normal,2330,10002330,cPK_10_002330_00_SHOWERS_R.webp
Pokemon,2340,Finneon,A1a,20,C,normal,2340,10002340,cPK_10_002340_00_KEIKOUO_C.webp
Pokemon,2350,Lumineon,A1a,21,U,normal,2350,10002350,cPK_10_002350_00_NEOLANT_U.webp
Pokemon,2360,Chewtle,A1a,22,C,normal,2360,10002360,cPK_10_002360_00_KAMUKAME_C.webp
Pokemon,2370,Drednaw,A1a,23,U,normal,2370,10002370,cPK_10_002370_00_KAJIRIGAME_U.webp
Pokemon,2380,Cramorant,A1a,24,C,normal,2380,10002380,cPK_10_002380_00_UU_C.webp
Pokemon,2390,Pikachu,A1a,25,C,normal,2390,10002390,cPK_10_002390_00_PIKACHU_C.webp
Pokemon,2400,Raichu,A1a,26,R,normal,2400,10002400,cPK_10_002400_00_RAICHU_R.webp
Pokemon,2410,Electabuzz,A1a,27,U,normal,2410,10002410,cPK_10_002410_00_ELEBOO_U.webp
Pokemon,2420,Joltik,A1a,28,C,normal,2420,10002420,cPK_10_002420_00_BACHURU_C.webp
Pokemon,2430,Galvantula,A1a,29,U,normal,2430,10002430,cPK_10_002430_00_DENTULA_U.webp
Pokemon,2440,Dedenne,A1a,30,C,normal,2440,10002440,cPK_10_002440_00_DEDENNE_C.webp
Pokemon,2450,Mew ex,A1a,32,RR,normal,2450,10002450,cPK_10_002450_00_MEWex_RR.webp
Pokemon,2460,Sigilyph,A1a,33,U,normal,2460,10002460,cPK_10_002460_00_SYMBOLER_U.webp
Pokemon,2470,Elgyem,A1a,34,C,normal,2470,10002470,cPK_10_002470_00_LIGRAY_C.webp
Pokemon,2480,Florges,A1a,38,U,normal,2480,10002480,cPK_10_002480_00_FLORGES_U.webp
Pokemon,2490,Swirlix,A1a,39,C,normal,2490,10002490,cPK_10_002490_00_PEROPPAFU_C.webp
Pokemon,2500,Beheeyem,A1a,35,U,normal,2500,10002500,cPK_10_002500_00_OHBEM_U.webp
Pokemon,2510,Flabébé,A1a,36,C,normal,2510,10002510,cPK_10_002510_00_FLABEBE_C.webp
Pokemon,2520,Floette,A1a,37,C,normal,2520,10002520,cPK_10_002520_00_FLOETTE_C.webp
Pokemon,2530,Slurpuff,A1a,40,C,normal,2530,10002530,cPK_10_002530_00_PEROREAM_C.webp
Pokemon,2540,Mankey,A1a,41,C,normal,2540,10002540,cPK_10_002540_00_MANKEY_C.webp
Pokemon,2550,Primeape,A1a,42,C,normal,2550,10002550,cPK_10_002550_00_OKORIZARU_C.webp
Pokemon,2560,Geodude,A1a,43,C,normal,2560,10002560,cPK_10_002560_00_ISITSUBUTE_C.webp
Pokemon,2570,Graveler,A1a,44,U,normal,2570,10002570,cPK_10_002570_00_GOLONE_U.webp
Pokemon,2580,Golem,A1a,45,R,normal,2580,10002580,cPK_10_002580_00_GOLONYA_R.webp
Pokemon,2590,Aerodactyl ex,A1a,46,RR,normal,2590,10002590,cPK_10_002590_00_PTERAex_RR.webp
Pokemon,2600,Marshadow,A1a,47,R,normal,2600,10002600,cPK_10_002600_00_MARSHADOW_R.webp
Pokemon,2610,Stonjourner,A1a,48,U,normal,2610,10002610,cPK_10_002610_00_ISHIHENGIN_U.webp
Pokemon,2620,Koffing,A1a,49,C,normal,2620,10002620,cPK_10_002620_00_DOGARS_C.webp
Pokemon,2630,Weezing,A1a,50,U,normal,2630,10002630,cPK_10_002630_00_MATADOGAS_U.webp
Pokemon,2640,Purrloin,A1a,51,C,normal,2640,10002640,cPK_10_002640_00_CHORONEKO_C.webp
Pokemon,2650,Liepard,A1a,52,C,normal,2650,10002650,cPK_10_002650_00_LEPARDAS_C.webp
Pokemon,2660,Venipede,A1a,53,C,normal,2660,10002660,cPK_10_002660_00_FUSHIDE_C.webp
Pokemon,2670,Whirlipede,A1a,54,C,normal,2670,10002670,cPK_10_002670_00_WHEEGA_C.webp
Pokemon,2680,Scolipede,A1a,55,U,normal,2680,10002680,cPK_10_002680_00_PENDROR_U.webp
Pokemon,2690,Druddigon,A1a,56,U,normal,2690,10002690,cPK_10_002690_00_CRIMGAN_U.webp
Pokemon,2700,Pidgey,A1a,57,C,normal,2700,10002700,cPK_10_002700_00_POPPO_C.webp
Pokemon,2710,Pidgeotto,A1a,58,C,normal,2710,10002710,cPK_10_002710_00_PIGEON_C.webp
Pokemon,2720,Pidgeot ex,A1a,59,RR,normal,2720,10002720,cPK_10_002720_00_PIGEOTex_RR.webp
Pokemon,2730,Tauros,A1a,60,R,normal,2730,10002730,cPK_10_002730_00_KENTAUROS_R.webp
Pokemon,2740,Eevee,A1a,61,C,normal,2740,10002740,cPK_10_002740_00_EIEVUI_C.webp
Pokemon,2750,Chatot,A1a,62,C,normal,2750,10002750,cPK_10_002750_00_PERAP_C.webp
Pokemon,2760,Lapras ex,PROMO-A,14,RR,promo-only,2760,10002760,cPK_90_002760_00_LAPLACEex_RR.webp
Pokemon,2770,Mankey,PROMO-A,17,C,promo-only,2770,10002770,cPK_90_002770_00_MANKEY_C.webp
Pokemon,2780,Haunter,PROMO-A,20,C,promo-only,2780,10002780,cPK_90_002780_00_GHOST_C.webp
Pokemon,2790,Jigglypuff,PROMO-A,22,C,promo-only,2790,10002790,cPK_90_002790_00_PURIN_C.webp
Pokemon,2800,Snivy,PROMO-A,27,C,promo-only,2800,10002800,cPK_90_002800_00_TSUTARJA_C.webp
Pokemon,2810,Eevee,PROMO-A,30,C,promo-only,2810,10002810,cPK_90_002810_00_EIEVUI_C.webp
Pokemon,2820,Oddish,A2,1,C,normal,2820,10002820,cPK_10_002820_00_NAZONOKUSA_C.webp
Pokemon,2830,Gloom,A2,2,C,normal,2830,10002830,cPK_10_002830_00_KUSAIHANA_C.webp
Pokemon,2840,Bellossom,A2,3,U,normal,2840,10002840,cPK_10_002840_00_KIREIHANA_U.webp
Pokemon,2850,Tangela,A2,4,C,normal,2850,10002850,cPK_10_002850_00_MONJARA_C.webp
Pokemon,2860,Tangrowth,A2,5,U,normal,2860,10002860,cPK_10_002860_00_MOJUMBO_U.webp
Pokemon,2870,Yanma,A2,6,C,normal,2870,10002870,cPK_10_002870_00_YANYANMA_C.webp
Pokemon,2880,Yanmega ex,A2,7,RR,normal,2880,10002880,cPK_10_002880_00_MEGAYANMAex_RR.webp
Pokemon,2890,Roselia,A2,8,C,normal,2890,10002890,cPK_10_002890_00_ROSELIA_C.webp
Pokemon,2900,Roserade,A2,9,U,normal,2900,10002900,cPK_10_002900_00_ROSERADE_U.webp
Pokemon,2910,Turtwig,A2,10,C,normal,2910,10002910,cPK_10_002910_00_NAETLE_C.webp
Pokemon,2920,Grotle,A2,11,U,normal,2920,10002920,cPK_10_002920_00_HAYASHIGAME_U.webp
Pokemon,2930,Torterra,A2,12,R,normal,2930,10002930,cPK_10_002930_00_DODAITOSE_R.webp
Pokemon,2940,Kricketot,A2,13,C,normal,2940,10002940,cPK_10_002940_00_KOROBOHSHI_C.webp
Pokemon,2950,Kricketune,A2,14,C,normal,2950,10002950,cPK_10_002950_00_KOROTOCK_C.webp
Pokemon,2960,Burmy,A2,15,C,normal,2960,10002960,cPK_10_002960_00_MINOMUCCHI_C.webp
Pokemon,2970,Wormadam,A2,16,C,normal,2970,10002970,cPK_10_002970_00_MINOMADAMKUSAKINOMINO_C.webp
Pokemon,2980,Combee,A2,17,C,normal,2980,10002980,cPK_10_002980_00_MITSUHONEY_C.webp
Pokemon,2990,Vespiquen,A2,18,U,normal,2990,10002990,cPK_10_002990_00_BEEQUEN_U.webp
Pokemon,3000,Carnivine,A2,19,U,normal,3000,10003000,cPK_10_003000_00_MUSKIPPA_U.webp
Pokemon,3010,Leafeon,A2,20,R,normal,3010,10003010,cPK_10_003010_00_LEAFIA_R.webp
Pokemon,3020,Mow Rotom,A2,21,C,normal,3020,10003020,cPK_10_003020_00_CUT ROTOM_C.webp
Pokemon,3030,Shaymin,A2,22,R,normal,3030,10003030,cPK_10_003030_00_SHAYMIN_R.webp
Pokemon,3040,Magmar,A2,23,C,normal,3040,10003040,cPK_10_003040_00_BOOBER_C.webp
Pokemon,3050,Magmortar,A2,24,R,normal,3050,10003050,cPK_10_003050_00_BOOBURN_R.webp
Pokemon,3060,Slugma,A2,25,C,normal,3060,10003060,cPK_10_003060_00_MAGMAG_C.webp
Pokemon,3070,Magcargo,A2,26,U,normal,3070,10003070,cPK_10_003070_00_MAGCARGOT_U.webp
Pokemon,3080,Chimchar,A2,27,C,normal,3080,10003080,cPK_10_003080_00_HIKOZARU_C.webp
Pokemon,3090,Monferno,A2,28,U,normal,3090,10003090,cPK_10_003090_00_MOUKAZARU_U.webp
Pokemon,3100,Infernape ex,A2,29,RR,normal,3100,10003100,cPK_10_003100_00_GOUKAZARUex_RR.webp
Pokemon,3110,Heat Rotom,A2,30,C,normal,3110,10003110,cPK_10_003110_00_HEAT ROTOM_C.webp
Pokemon,3120,Swinub,A2,31,C,normal,3120,10003120,cPK_10_003120_00_URIMOO_C.webp
Pokemon,3130,Piloswine,A2,32,U,normal,3130,10003130,cPK_10_003130_00_INOMOO_U.webp
Pokemon,3140,Mamoswine,A2,33,R,normal,3140,10003140,cPK_10_003140_00_MAMMOO_R.webp
Pokemon,3150,Regice,A2,34,U,normal,3150,10003150,cPK_10_003150_00_REGICE_U.webp
Pokemon,3160,Piplup,A2,35,C,normal,3160,10003160,cPK_10_003160_00_POCHAMA_C.webp
Pokemon,3170,Prinplup,A2,36,U,normal,3170,10003170,cPK_10_003170_00_POTTAISHI_U.webp
Pokemon,3180,Empoleon,A2,37,R,normal,3180,10003180,cPK_10_003180_00_EMPERTE_R.webp
Pokemon,3190,Buizel,A2,38,C,normal,3190,10003190,cPK_10_003190_00_BUOYSEL_C.webp
Pokemon,3200,Floatzel,A2,39,U,normal,3200,10003200,cPK_10_003200_00_FLOAZEL_U.webp
Pokemon,3210,Shellos,A2,40,C,normal,3210,10003210,cPK_10_003210_00_KARANAKUSHI_C.webp
Pokemon,3220,Gastrodon,A2,41,U,normal,3220,10003220,cPK_10_003220_00_TRITODON_U.webp
Pokemon,3230,Finneon,A2,42,C,normal,3230,10003230,cPK_10_003230_00_KEIKOUO_C.webp
Pokemon,3240,Lumineon,A2,43,U,normal,3240,10003240,cPK_10_003240_00_NEOLANT_U.webp
Pokemon,3250,Snover,A2,44,C,normal,3250,10003250,cPK_10_003250_00_YUKIKABURI_C.webp
Pokemon,3260,Abomasnow,A2,45,U,normal,3260,10003260,cPK_10_003260_00_YUKINOOH_U.webp
Pokemon,3270,Glaceon,A2,46,R,normal,3270,10003270,cPK_10_003270_00_GLACIA_R.webp
Pokemon,3280,Wash Rotom,A2,47,C,normal,3280,10003280,cPK_10_003280_00_WASH ROTOM_C.webp
Pokemon,3290,Frost Rotom,A2,48,C,normal,3290,10003290,cPK_10_003290_00_FROST ROTOM_C.webp
Pokemon,3300,Palkia ex,A2,49,RR,normal,3300,10003300,cPK_10_003300_00_PALKIAex_RR.webp
Pokemon,3310,Manaphy,A2,50,U,normal,3310,10003310,cPK_10_003310_00_MANAPHY_U.webp
Pokemon,3320,Magnemite,A2,51,C,normal,3320,10003320,cPK_10_003320_00_COIL_C.webp
Pokemon,3330,Magneton,A2,52,U,normal,3330,10003330,cPK_10_003330_00_RARECOIL_U.webp
Pokemon,3340,Magnezone,A2,53,R,normal,3340,10003340,cPK_10_003340_00_JIBACOIL_R.webp
Pokemon,3350,Voltorb,A2,54,C,normal,3350,10003350,cPK_10_003350_00_BIRIRIDAMA_C.webp
Pokemon,3360,Electrode,A2,55,U,normal,3360,10003360,cPK_10_003360_00_MARUMINE_U.webp
Pokemon,3370,Electabuzz,A2,56,C,normal,3370,10003370,cPK_10_003370_00_ELEBOO_C.webp
Pokemon,3380,Electivire,A2,57,R,normal,3380,10003380,cPK_10_003380_00_ELEKIBLE_R.webp
Pokemon,3390,Shinx,A2,58,C,normal,3390,10003390,cPK_10_003390_00_KOLINK_C.webp
Pokemon,3400,Luxio,A2,59,U,normal,3400,10003400,cPK_10_003400_00_LUXIO_U.webp
Pokemon,3410,Luxray,A2,60,R,normal,3410,10003410,cPK_10_003410_00_RENTORAR_R.webp
Pokemon,3420,Pachirisu ex,A2,61,RR,normal,3420,10003420,cPK_10_003420_00_PACHIRISUex_RR.webp
Pokemon,3430,Rotom,A2,62,C,normal,3430,10003430,cPK_10_003430_00_ROTOM_C.webp
Pokemon,3440,Togepi,A2,63,C,normal,3440,10003440,cPK_10_003440_00_TOGEPY_C.webp
Pokemon,3450,Togetic,A2,64,U,normal,3450,10003450,cPK_10_003450_00_TOGECHICK_U.webp
Pokemon,3460,Togekiss,A2,65,R,normal,3460,10003460,cPK_10_003460_00_TOGEKISS_R.webp
Pokemon,3470,Misdreavus,A2,66,C,normal,3470,10003470,cPK_10_003470_00_MUMA_C.webp
Pokemon,3480,Mismagius ex,A2,67,RR,normal,3480,10003480,cPK_10_003480_00_MUMARGIex_RR.webp
Pokemon,3490,Ralts,A2,68,C,normal,3490,10003490,cPK_10_003490_00_RALTS_C.webp
Pokemon,3500,Kirlia,A2,69,C,normal,3500,10003500,cPK_10_003500_00_KIRLIA_C.webp
Pokemon,3510,Duskull,A2,70,C,normal,3510,10003510,cPK_10_003510_00_YOMAWARU_C.webp
Pokemon,3520,Dusclops,A2,71,U,normal,3520,10003520,cPK_10_003520_00_SAMAYOURU_U.webp
Pokemon,3530,Dusknoir,A2,72,R,normal,3530,10003530,cPK_10_003530_00_YONOIR_R.webp
Pokemon,3540,Drifloon,A2,73,C,normal,3540,10003540,cPK_10_003540_00_FUWANTE_C.webp
Pokemon,3550,Drifblim,A2,74,U,normal,3550,10003550,cPK_10_003550_00_FUWARIDE_U.webp
Pokemon,3560,Uxie,A2,75,U,normal,3560,10003560,cPK_10_003560_00_YUXIE_U.webp
Pokemon,3570,Mesprit,A2,76,R,normal,3570,10003570,cPK_10_003570_00_EMRIT_R.webp
Pokemon,3580,Azelf,A2,77,U,normal,3580,10003580,cPK_10_003580_00_AGNOME_U.webp
Pokemon,3590,Giratina,A2,78,R,normal,3590,10003590,cPK_10_003590_00_ORIGINGIRATINA_R.webp
Pokemon,3600,Cresselia,A2,79,R,normal,3600,10003600,cPK_10_003600_00_CRESSELIA_R.webp
Pokemon,3610,Rhyhorn,A2,80,C,normal,3610,10003610,cPK_10_003610_00_SIHORN_C.webp
Pokemon,3620,Rhydon,A2,81,U,normal,3620,10003620,cPK_10_003620_00_SIDON_U.webp
Pokemon,3630,Rhyperior,A2,82,R,normal,3630,10003630,cPK_10_003630_00_DOSIDON_R.webp
Pokemon,3640,Gligar,A2,83,C,normal,3640,10003640,cPK_10_003640_00_GLIGER_C.webp
Pokemon,3650,Gliscor,A2,84,U,normal,3650,10003650,cPK_10_003650_00_GLION_U.webp
Pokemon,3660,Hitmontop,A2,85,C,normal,3660,10003660,cPK_10_003660_00_KAPOERER_C.webp
Pokemon,3670,Nosepass,A2,86,C,normal,3670,10003670,cPK_10_003670_00_NOSEPASS_C.webp
Pokemon,3680,Regirock,A2,87,U,normal,3680,10003680,cPK_10_003680_00_REGIROCK_U.webp
Pokemon,3690,Cranidos,A2,88,U,normal,3690,10003690,cPK_10_003690_00_ZUGAIDOS_U.webp
Pokemon,3700,Rampardos,A2,89,R,normal,3700,10003700,cPK_10_003700_00_RAMPALD_R.webp
Pokemon,3710,Wormadam,A2,90,C,normal,3710,10003710,cPK_10_003710_00_MINOMADAMSUNACHINOMINO_C.webp
Pokemon,3720,Riolu,A2,91,C,normal,3720,10003720,cPK_10_003720_00_RIOLU_C.webp
Pokemon,3730,Lucario,A2,92,R,normal,3730,10003730,cPK_10_003730_00_LUCARIO_R.webp
Pokemon,3740,Hippopotas,A2,93,C,normal,3740,10003740,cPK_10_003740_00_HIPPOPOTAS_C.webp
Pokemon,3750,Hippowdon,A2,94,U,normal,3750,10003750,cPK_10_003750_00_KABALDON_U.webp
Pokemon,3760,Gallade ex,A2,95,RR,normal,3760,10003760,cPK_10_003760_00_ERUREIDOex_RR.webp
Pokemon,3770,Murkrow,A2,96,C,normal,3770,10003770,cPK_10_003770_00_YAMIKARASU_C.webp
Pokemon,3780,Honchkrow,A2,97,U,normal,3780,10003780,cPK_10_003780_00_DONGKARASU_U.webp
Pokemon,3790,Sneasel,A2,98,C,normal,3790,10003790,cPK_10_003790_00_NYULA_C.webp
Pokemon,3800,Weavile ex,A2,99,RR,normal,3800,10003800,cPK_10_003800_00_MANYULAex_RR.webp
Pokemon,3810,Poochyena,A2,100,C,normal,3810,10003810,cPK_10_003810_00_POCHIENA_C.webp
Pokemon,3820,Mightyena,A2,101,U,normal,3820,10003820,cPK_10_003820_00_GRAENA_U.webp
Pokemon,3830,Stunky,A2,102,C,normal,3830,10003830,cPK_10_003830_00_SKUNPUU_C.webp
Pokemon,3840,Skuntank,A2,103,U,normal,3840,10003840,cPK_10_003840_00_SKUTANK_U.webp
Pokemon,3850,Spiritomb,A2,104,U,normal,3850,10003850,cPK_10_003850_00_MIKARUGE_U.webp
Pokemon,3860,Skorupi,A2,105,C,normal,3860,10003860,cPK_10_003860_00_SCORUPI_C.webp
Pokemon,3870,Drapion,A2,106,U,normal,3870,10003870,cPK_10_003870_00_DORAPION_U.webp
Pokemon,3880,Croagunk,A2,107,C,normal,3880,10003880,cPK_10_003880_00_GUREGGRU_C.webp
Pokemon,3890,Toxicroak,A2,108,U,normal,3890,10003890,cPK_10_003890_00_DOKUROG_U.webp
Pokemon,3900,Darkrai,A2,109,R,normal,3900,10003900,cPK_10_003900_00_DARKRAI_R.webp
Pokemon,3910,Darkrai ex,A2,110,RR,normal,3910,10003910,cPK_10_003910_00_DARKRAIex_RR.webp
Pokemon,3920,Skarmory,A2,111,U,normal,3920,10003920,cPK_10_003920_00_AIRMD_U.webp
Pokemon,3930,Registeel,A2,112,U,normal,3930,10003930,cPK_10_003930_00_REGISTEEL_U.webp
Pokemon,3940,Shieldon,A2,113,U,normal,3940,10003940,cPK_10_003940_00_TATETOPS_U.webp
Pokemon,3950,Bastiodon,A2,114,R,normal,3950,10003950,cPK_10_003950_00_TORIDEPS_R.webp
Pokemon,3960,Wormadam,A2,115,C,normal,3960,10003960,cPK_10_003960_00_MINOMADAMGOMINOMINO_C.webp
Pokemon,3970,Bronzor,A2,116,C,normal,3970,10003970,cPK_10_003970_00_DOHMIRROR_C.webp
Pokemon,3980,Bronzong,A2,117,U,normal,3980,10003980,cPK_10_003980_00_DOHTAKUN_U.webp
Pokemon,3990,Probopass,A2,118,U,normal,3990,10003990,cPK_10_003990_00_DAINOSE_U.webp
Pokemon,4000,Dialga ex,A2,119,RR,normal,4000,10004000,cPK_10_004000_00_DIALGAex_RR.webp
Pokemon,4010,Heatran,A2,120,R,normal,4010,10004010,cPK_10_004010_00_HEATRAN_R.webp
Pokemon,4020,Gible,A2,121,C,normal,4020,10004020,cPK_10_004020_00_FUKAMARU_C.webp
Pokemon,4030,Gabite,A2,122,U,normal,4030,10004030,cPK_10_004030_00_GABITE_U.webp
Pokemon,4040,Garchomp,A2,123,R,normal,4040,10004040,cPK_10_004040_00_GABURIAS_R.webp
Pokemon,4050,Lickitung,A2,124,C,normal,4050,10004050,cPK_10_004050_00_BERORINGA_C.webp
Pokemon,4060,Lickilicky ex,A2,125,RR,normal,4060,10004060,cPK_10_004060_00_BEROBELTex_RR.webp
Pokemon,4070,Eevee,A2,126,C,normal,4070,10004070,cPK_10_004070_00_EIEVUI_C.webp
Pokemon,4080,Porygon,A2,127,C,normal,4080,10004080,cPK_10_004080_00_PORYGON_C.webp
Pokemon,4090,Porygon2,A2,128,U,normal,4090,10004090,cPK_10_004090_00_PORYGON2_U.webp
Pokemon,4100,Porygon-Z,A2,129,R,normal,4100,10004100,cPK_10_004100_00_PORYGON-Z_R.webp
Pokemon,4110,Aipom,A2,130,C,normal,4110,10004110,cPK_10_004110_00_EIPAM_C.webp
Pokemon,4120,Ambipom,A2,131,C,normal,4120,10004120,cPK_10_004120_00_ETEBOTH_C.webp
Pokemon,4130,Starly,A2,132,C,normal,4130,10004130,cPK_10_004130_00_MUKKURU_C.webp
Pokemon,4140,Staravia,A2,133,C,normal,4140,10004140,cPK_10_004140_00_MUKUBIRD_C.webp
Pokemon,4150,Staraptor,A2,134,U,normal,4150,10004150,cPK_10_004150_00_MUKUHAWK_U.webp
Pokemon,4160,Bidoof,A2,135,C,normal,4160,10004160,cPK_10_004160_00_BIPPA_C.webp
Pokemon,4170,Bibarel,A2,136,C,normal,4170,10004170,cPK_10_004170_00_BEADARU_C.webp
Pokemon,4180,Buneary,A2,137,C,normal,4180,10004180,cPK_10_004180_00_MIMIROL_C.webp
Pokemon,4190,Lopunny,A2,138,C,normal,4190,10004190,cPK_10_004190_00_MIMILOP_C.webp
Pokemon,4200,Glameow,A2,139,C,normal,4200,10004200,cPK_10_004200_00_NYARMAR_C.webp
Pokemon,4210,Purugly,A2,140,U,normal,4210,10004210,cPK_10_004210_00_BUNYATTO_U.webp
Pokemon,4220,Chatot,A2,141,C,normal,4220,10004220,cPK_10_004220_00_PERAP_C.webp
Pokemon,4230,Fan Rotom,A2,142,C,normal,4230,10004230,cPK_10_004230_00_SPIN ROTOM_C.webp
Pokemon,4240,Regigigas,A2,143,R,normal,4240,10004240,cPK_10_004240_00_REGIGIGAS_R.webp
Pokemon,4250,Heracross,A2a,1,U,normal,4250,10004250,cPK_10_004250_00_HERACROS_U.webp
Pokemon,4260,Burmy,A2a,2,C,normal,4260,10004260,cPK_10_004260_00_MINOMUCCHI_C.webp
Pokemon,4270,Mothim,A2a,3,U,normal,4270,10004270,cPK_10_004270_00_GAMALE_U.webp
Pokemon,4280,Combee,A2a,4,C,normal,4280,10004280,cPK_10_004280_00_MITSUHONEY_C.webp
Pokemon,4290,Vespiquen,A2a,5,U,normal,4290,10004290,cPK_10_004290_00_BEEQUEN_U.webp
Pokemon,4300,Cherubi,A2a,6,C,normal,4300,10004300,cPK_10_004300_00_CHERINBO_C.webp
Pokemon,4310,Cherrim,A2a,7,U,normal,4310,10004310,cPK_10_004310_00_CHERRIM_U.webp
Pokemon,4320,Cherrim,A2a,8,U,normal,4320,10004320,cPK_10_004320_00_CHERRIM_U.webp
Pokemon,4330,Carnivine,A2a,9,R,normal,4330,10004330,cPK_10_004330_00_MUSKIPPA_R.webp
Pokemon,4340,Leafeon ex,A2a,10,RR,normal,4340,10004340,cPK_10_004340_00_LEAFIAex_RR.webp
Pokemon,4350,Houndour,A2a,11,C,normal,4350,10004350,cPK_10_004350_00_DELVIL_C.webp
Pokemon,4360,Houndoom,A2a,12,U,normal,4360,10004360,cPK_10_004360_00_HELLGAR_U.webp
Pokemon,4370,Heatran,A2a,13,R,normal,4370,10004370,cPK_10_004370_00_HEATRAN_R.webp
Pokemon,4380,Marill,A2a,14,C,normal,4380,10004380,cPK_10_004380_00_MARIL_C.webp
Pokemon,4390,Azumarill,A2a,15,C,normal,4390,10004390,cPK_10_004390_00_MARILLI_C.webp
Pokemon,4400,Barboach,A2a,16,C,normal,4400,10004400,cPK_10_004400_00_DOJOACH_C.webp
Pokemon,4410,Whiscash,A2a,17,U,normal,4410,10004410,cPK_10_004410_00_NAMAZUN_U.webp
Pokemon,4420,Snorunt,A2a,18,C,normal,4420,10004420,cPK_10_004420_00_YUKIWARASHI_C.webp
Pokemon,4430,Froslass,A2a,19,U,normal,4430,10004430,cPK_10_004430_00_YUKIMENOKO_U.webp
Pokemon,4440,Snover,A2a,20,C,normal,4440,10004440,cPK_10_004440_00_YUKIKABURI_C.webp
Pokemon,4450,Abomasnow,A2a,21,R,normal,4450,10004450,cPK_10_004450_00_YUKINOOH_R.webp
Pokemon,4460,Glaceon ex,A2a,22,RR,normal,4460,10004460,cPK_10_004460_00_GLACIAex_RR.webp
Pokemon,4470,Palkia,A2a,23,R,normal,4470,10004470,cPK_10_004470_00_ORIGINPALKIA_R.webp
Pokemon,4480,Phione,A2a,24,U,normal,4480,10004480,cPK_10_004480_00_PHIONE_U.webp
Pokemon,4490,Pikachu,A2a,25,C,normal,4490,10004490,cPK_10_004490_00_PIKACHU_C.webp
Pokemon,4500,Raichu,A2a,26,R,normal,4500,10004500,cPK_10_004500_00_RAICHU_R.webp
Pokemon,4510,Electrike,A2a,27,C,normal,4510,10004510,cPK_10_004510_00_RAKURAI_C.webp
Pokemon,4520,Manectric,A2a,28,U,normal,4520,10004520,cPK_10_004520_00_LIVOLT_U.webp
Pokemon,4530,Clefairy,A2a,29,C,normal,4530,10004530,cPK_10_004530_00_PIPPI_C.webp
Pokemon,4540,Clefable,A2a,30,U,normal,4540,10004540,cPK_10_004540_00_PIXY_U.webp
Pokemon,4550,Gastly,A2a,31,C,normal,4550,10004550,cPK_10_004550_00_GHOS_C.webp
Pokemon,4560,Haunter,A2a,32,C,normal,4560,10004560,cPK_10_004560_00_GHOST_C.webp
Pokemon,4570,Gengar,A2a,33,U,normal,4570,10004570,cPK_10_004570_00_GANGAR_U.webp
Pokemon,4580,Unown,A2a,34,U,normal,4580,10004580,cPK_10_004580_00_UNKNOWN_U.webp
Pokemon,4590,Rotom,A2a,35,R,normal,4590,10004590,cPK_10_004590_00_ROTOM_R.webp
Pokemon,4600,Sudowoodo,A2a,36,U,normal,4600,10004600,cPK_10_004600_00_USOKKIE_U.webp
Pokemon,4610,Phanpy,A2a,37,C,normal,4610,10004610,cPK_10_004610_00_GOMAZOU_C.webp
Pokemon,4620,Donphan,A2a,38,U,normal,4620,10004620,cPK_10_004620_00_DONFAN_U.webp
Pokemon,4630,Larvitar,A2a,39,C,normal,4630,10004630,cPK_10_004630_00_YOGIRAS_C.webp
Pokemon,4640,Pupitar,A2a,40,U,normal,4640,10004640,cPK_10_004640_00_SANAGIRAS_U.webp
Pokemon,4650,Tyranitar,A2a,41,R,normal,4650,10004650,cPK_10_004650_00_BANGIRAS_R.webp
Pokemon,4660,Nosepass,A2a,42,C,normal,4660,10004660,cPK_10_004660_00_NOSEPASS_C.webp
Pokemon,4670,Meditite,A2a,43,C,normal,4670,10004670,cPK_10_004670_00_ASANAN_C.webp
Pokemon,4680,Medicham,A2a,44,U,normal,4680,10004680,cPK_10_004680_00_CHAREM_U.webp
Pokemon,4690,Gible,A2a,45,C,normal,4690,10004690,cPK_10_004690_00_FUKAMARU_C.webp
Pokemon,4700,Gabite,A2a,46,C,normal,4700,10004700,cPK_10_004700_00_GABITE_C.webp
Pokemon,4710,Garchomp ex,A2a,47,RR,normal,4710,10004710,cPK_10_004710_00_GABURIASex_RR.webp
Pokemon,4720,Zubat,A2a,48,C,normal,4720,10004720,cPK_10_004720_00_ZUBAT_C.webp
Pokemon,4730,Golbat,A2a,49,C,normal,4730,10004730,cPK_10_004730_00_GOLBAT_C.webp
Pokemon,4740,Crobat,A2a,50,R,normal,4740,10004740,cPK_10_004740_00_CROBAT_R.webp
Pokemon,4750,Croagunk,A2a,51,C,normal,4750,10004750,cPK_10_004750_00_GUREGGRU_C.webp
Pokemon,4760,Toxicroak,A2a,52,U,normal,4760,10004760,cPK_10_004760_00_DOKUROG_U.webp
Pokemon,4770,Magnemite,A2a,53,C,normal,4770,10004770,cPK_10_004770_00_COIL_C.webp
Pokemon,4780,Magneton,A2a,54,C,normal,4780,10004780,cPK_10_004780_00_RARECOIL_C.webp
Pokemon,4790,Magnezone,A2a,55,R,normal,4790,10004790,cPK_10_004790_00_JIBACOIL_R.webp
Pokemon,4800,Mawile,A2a,56,C,normal,4800,10004800,cPK_10_004800_00_KUCHEAT_C.webp
Pokemon,4810,Probopass ex,A2a,57,RR,normal,4810,10004810,cPK_10_004810_00_DAINOSEex_RR.webp
Pokemon,4820,Bronzor,A2a,58,C,normal,4820,10004820,cPK_10_004820_00_DOHMIRROR_C.webp
Pokemon,4830,Bronzong,A2a,59,U,normal,4830,10004830,cPK_10_004830_00_DOHTAKUN_U.webp
Pokemon,4840,Dialga,A2a,60,R,normal,4840,10004840,cPK_10_004840_00_ORIGINDIALGA_R.webp
Pokemon,4850,Giratina,A2a,61,R,normal,4850,10004850,cPK_10_004850_00_GIRATINA_R.webp
Pokemon,4860,Eevee,A2a,62,C,normal,4860,10004860,cPK_10_004860_00_EIEVUI_C.webp
Pokemon,4870,Snorlax,A2a,63,U,normal,4870,10004870,cPK_10_004870_00_KABIGON_U.webp
Pokemon,4880,Hoothoot,A2a,64,C,normal,4880,10004880,cPK_10_004880_00_HOHO_C.webp
Pokemon,4890,Noctowl,A2a,65,U,normal,4890,10004890,cPK_10_004890_00_YORUNOZUKU_U.webp
Pokemon,4900,Starly,A2a,66,C,normal,4900,10004900,cPK_10_004900_00_MUKKURU_C.webp
Pokemon,4910,Staravia,A2a,67,C,normal,4910,10004910,cPK_10_004910_00_MUKUBIRD_C.webp
Pokemon,4920,Staraptor,A2a,68,U,normal,4920,10004920,cPK_10_004920_00_MUKUHAWK_U.webp
Pokemon,4930,Shaymin,A2a,69,R,normal,4930,10004930,cPK_10_004930_00_SHAYMIN_R.webp
Pokemon,4940,Arceus,A2a,70,R,normal,4940,10004940,cPK_10_004940_00_ARCEUS_R.webp
Pokemon,4950,Arceus ex,A2a,71,RR,normal,4950,10004950,cPK_10_004950_00_ARCEUSex_RR.webp
Pokemon,4960,Cresselia ex,PROMO-A,37,RR,promo-only,4960,10004960,cPK_90_004960_00_CRESSELIAex_RR.webp
Pokemon,4970,Misdreavus,PROMO-A,38,C,promo-only,4970,10004970,cPK_90_004970_00_MUMA_C.webp
Pokemon,4980,Nosepass,PROMO-A,45,C,promo-only,4980,10004980,cPK_90_004980_00_NOSEPASS_C.webp
Pokemon,4990,Staraptor,PROMO-A,47,C,promo-only,4990,10004990,cPK_90_004990_00_MUKUHAWK_C.webp
Pokemon,5000,Floatzel,PROMO-A,53,C,promo-only,5000,10005000,cPK_90_005000_00_FLOAZEL_C.webp
Pokemon,5010,Pawmot,A2b,28,R,normal,5010,10005010,cPK_10_005010_00_PARMOT_R.webp
Pokemon,5020,Machamp,A2b,39,R,normal,5020,10005020,cPK_10_005020_00_KAIRIKY_R.webp
Pokemon,5030,Ekans,PROMO-A,56,C,promo-only,5030,10005030,cPK_90_005030_00_ARBO_C.webp
Pokemon,5040,Bidoof,A2b,64,C,normal,5040,10005040,cPK_10_005040_00_BIPPA_C.webp
Pokemon,5060,Pachirisu,A2b,25,U,normal,5060,10005060,cPK_10_005060_00_PACHIRISU_U.webp
Pokemon,5070,Riolu,A2b,42,C,normal,5070,10005070,cPK_10_005070_00_RIOLU_C.webp
Pokemon,5080,Sprigatito,A2b,5,C,normal,5080,10005080,cPK_10_005080_00_NYAHOJA_C.webp
Pokemon,5090,Cyclizar,A2b,68,U,normal,5090,10005090,cPK_10_005090_00_MOTOTOKAGE_U.webp
Pokemon,5210,Weedle,A2b,1,C,normal,5210,10005210,cPK_10_005210_00_BEEDLE_C.webp
Pokemon,5220,Kakuna,A2b,2,U,normal,5220,10005220,cPK_10_005220_00_COCOON_U.webp
Pokemon,5230,Beedrill ex,A2b,3,RR,normal,5230,10005230,cPK_10_005230_00_SPEARex_RR.webp
Pokemon,5240,Pinsir,A2b,4,C,normal,5240,10005240,cPK_10_005240_00_KAILIOS_C.webp
Pokemon,5250,Floragato,A2b,6,U,normal,5250,10005250,cPK_10_005250_00_NYAROTE_U.webp
Pokemon,5260,Meowscarada,A2b,7,R,normal,5260,10005260,cPK_10_005260_00_MASQUERNYA_R.webp
Pokemon,5270,Charmander,A2b,8,C,normal,5270,10005270,cPK_10_005270_00_HITOKAGE_C.webp
Pokemon,5280,Charmeleon,A2b,9,U,normal,5280,10005280,cPK_10_005280_00_LIZARDO_U.webp
Pokemon,5290,Charizard ex,A2b,10,RR,normal,5290,10005290,cPK_10_005290_00_LIZARDONex_RR.webp
Pokemon,5300,Magmar,A2b,11,C,normal,5300,10005300,cPK_10_005300_00_BOOBER_C.webp
Pokemon,5310,Magmortar,A2b,12,R,normal,5310,10005310,cPK_10_005310_00_BOOBURN_R.webp
Pokemon,5320,Paldean Tauros,A2b,13,U,normal,5320,10005320,cPK_10_005320_00_PALDEAKENTAUROS_U.webp
Pokemon,5330,Tentacool,A2b,14,C,normal,5330,10005330,cPK_10_005330_00_MENOKURAGE_C.webp
Pokemon,5340,Tentacruel,A2b,15,U,normal,5340,10005340,cPK_10_005340_00_DOKUKURAGE_U.webp
Pokemon,5350,Buizel,A2b,16,C,normal,5350,10005350,cPK_10_005350_00_BUOYSEL_C.webp
Pokemon,5360,Floatzel,A2b,17,U,normal,5360,10005360,cPK_10_005360_00_FLOAZEL_U.webp
Pokemon,5370,Wiglett,A2b,18,C,normal,5370,10005370,cPK_10_005370_00_UMIDIGDA_C.webp
Pokemon,5380,Wugtrio ex,A2b,19,RR,normal,5380,10005380,cPK_10_005380_00_UMITRIOex_RR.webp
Pokemon,5390,Dondozo,A2b,20,R,normal,5390,10005390,cPK_10_005390_00_HEYRUSHER_R.webp
Pokemon,5400,Tatsugiri,A2b,21,U,normal,5400,10005400,cPK_10_005400_00_SYARITATSU_U.webp
Pokemon,5410,Pikachu ex,A2b,22,RR,normal,5410,10005410,cPK_10_005410_00_PIKACHUex_RR.webp
Pokemon,5420,Voltorb,A2b,23,C,normal,5420,10005420,cPK_10_005420_00_BIRIRIDAMA_C.webp
Pokemon,5430,Electrode,A2b,24,U,normal,5430,10005430,cPK_10_005430_00_MARUMINE_U.webp
Pokemon,5440,Pawmi,A2b,26,C,normal,5440,10005440,cPK_10_005440_00_PAMO_C.webp
Pokemon,5450,Pawmo,A2b,27,U,normal,5450,10005450,cPK_10_005450_00_PAMOT_U.webp
Pokemon,5460,Abra,A2b,29,C,normal,5460,10005460,cPK_10_005460_00_CASEY_C.webp
Pokemon,5470,Kadabra,A2b,30,U,normal,5470,10005470,cPK_10_005470_00_YUNGERER_U.webp
Pokemon,5480,Alakazam,A2b,31,R,normal,5480,10005480,cPK_10_005480_00_FOODIN_R.webp
Pokemon,5490,Mr. Mime,A2b,32,C,normal,5490,10005490,cPK_10_005490_00_BARRIERD_C.webp
Pokemon,5500,Drifloon,A2b,33,C,normal,5500,10005500,cPK_10_005500_00_FUWANTE_C.webp
Pokemon,5510,Drifblim,A2b,34,U,normal,5510,10005510,cPK_10_005510_00_FUWARIDE_U.webp
Pokemon,5520,Giratina ex,A2b,35,RR,normal,5520,10005520,cPK_10_005520_00_GIRATINAex_RR.webp
Pokemon,5530,Gimmighoul,A2b,36,C,normal,5530,10005530,cPK_10_005530_00_COLLECUREI_C.webp
Pokemon,5540,Machop,A2b,37,C,normal,5540,10005540,cPK_10_005540_00_WANRIKY_C.webp
Pokemon,5550,Machoke,A2b,38,C,normal,5550,10005550,cPK_10_005550_00_GORIKY_C.webp
Pokemon,5560,Hitmonlee,A2b,40,C,normal,5560,10005560,cPK_10_005560_00_SAWAMULAR_C.webp
Pokemon,5570,Hitmonchan,A2b,41,C,normal,5570,10005570,cPK_10_005570_00_EBIWALAR_C.webp
Pokemon,5580,Lucario ex,A2b,43,RR,normal,5580,10005580,cPK_10_005580_00_LUCARIOex_RR.webp
Pokemon,5590,Flamigo,A2b,44,U,normal,5590,10005590,cPK_10_005590_00_KARAMINGO_U.webp
Pokemon,5600,Ekans,A2b,45,C,normal,5600,10005600,cPK_10_005600_00_ARBO_C.webp
Pokemon,5610,Arbok,A2b,46,U,normal,5610,10005610,cPK_10_005610_00_ARBOK_U.webp
Pokemon,5620,Paldean Wooper,A2b,47,C,normal,5620,10005620,cPK_10_005620_00_PALDEAUPAH_C.webp
Pokemon,5630,Paldean Clodsire ex,A2b,48,RR,normal,5630,10005630,cPK_10_005630_00_PALDEADOOHex_RR.webp
Pokemon,5640,Spiritomb,A2b,49,U,normal,5640,10005640,cPK_10_005640_00_MIKARUGE_U.webp
Pokemon,5650,Shroodle,A2b,50,C,normal,5650,10005650,cPK_10_005650_00_SHIRUSHREW_C.webp
Pokemon,5660,Grafaiai,A2b,51,R,normal,5660,10005660,cPK_10_005660_00_TAGGINGRU_R.webp
Pokemon,5670,Tinkatink,A2b,52,C,normal,5670,10005670,cPK_10_005670_00_KANUCHAN_C.webp
Pokemon,5680,Tinkatuff,A2b,53,U,normal,5680,10005680,cPK_10_005680_00_NAKANUCHAN_U.webp
Pokemon,5690,Tinkaton ex,A2b,54,RR,normal,5690,10005690,cPK_10_005690_00_DEKANUCHANex_RR.webp
Pokemon,5700,Varoom,A2b,55,C,normal,5700,10005700,cPK_10_005700_00_BURORON_C.webp
Pokemon,5710,Revavroom,A2b,56,U,normal,5710,10005710,cPK_10_005710_00_BUROROROOM_U.webp
Pokemon,5720,Gholdengo,A2b,57,R,normal,5720,10005720,cPK_10_005720_00_SURFUGO_R.webp
Pokemon,5730,Rattata,A2b,58,C,normal,5730,10005730,cPK_10_005730_00_KORATTA_C.webp
Pokemon,5740,Raticate,A2b,59,C,normal,5740,10005740,cPK_10_005740_00_RATTA_C.webp
Pokemon,5750,Jigglypuff,A2b,60,C,normal,5750,10005750,cPK_10_005750_00_PURIN_C.webp
Pokemon,5760,Wigglytuff,A2b,61,R,normal,5760,10005760,cPK_10_005760_00_PUKURIN_R.webp
Pokemon,5770,Lickitung,A2b,62,C,normal,5770,10005770,cPK_10_005770_00_BERORINGA_C.webp
Pokemon,5780,Lickilicky,A2b,63,C,normal,5780,10005780,cPK_10_005780_00_BEROBELT_C.webp
Pokemon,5790,Bibarel ex,A2b,65,RR,normal,5790,10005790,cPK_10_005790_00_BEADARUex_RR.webp
Pokemon,5800,Buneary,A2b,66,C,normal,5800,10005800,cPK_10_005800_00_MIMIROL_C.webp
Pokemon,5810,Lopunny,A2b,67,C,normal,5810,10005810,cPK_10_005810_00_MIMILOP_C.webp
Pokemon,5820,Exeggcute,A3,1,C,normal,5820,10005820,cPK_10_005820_00_TAMATAMA_C.webp
Pokemon,5830,Alolan Exeggutor,A3,2,R,normal,5830,10005830,cPK_10_005830_00_ALOLANASSY_R.webp
Pokemon,5840,Surskit,A3,3,C,normal,5840,10005840,cPK_10_005840_00_AMETAMA_C.webp
Pokemon,5850,Masquerain,A3,4,U,normal,5850,10005850,cPK_10_005850_00_AMEMOTH_U.webp
Pokemon,5860,Maractus,A3,5,C,normal,5860,10005860,cPK_10_005860_00_MARACACCHI_C.webp
Pokemon,5870,Karrablast,A3,6,C,normal,5870,10005870,cPK_10_005870_00_KABURUMO_C.webp
Pokemon,5880,Phantump,A3,7,C,normal,5880,10005880,cPK_10_005880_00_BOKUREI_C.webp
Pokemon,5890,Trevenant,A3,8,U,normal,5890,10005890,cPK_10_005890_00_OHROT_U.webp
Pokemon,5900,Rowlet,A3,9,C,normal,5900,10005900,cPK_10_005900_00_MOKUROH_C.webp
Pokemon,5910,Rowlet,A3,10,C,normal,5910,10005910,cPK_10_005910_00_MOKUROH_C.webp
Pokemon,5920,Dartrix,A3,11,U,normal,5920,10005920,cPK_10_005920_00_FUKUTHROW_U.webp
Pokemon,5930,Decidueye ex,A3,12,RR,normal,5930,10005930,cPK_10_005930_00_JUNAIPERex_RR.webp
Pokemon,5940,Grubbin,A3,13,C,normal,5940,10005940,cPK_10_005940_00_AGOJIMUSHI_C.webp
Pokemon,5950,Fomantis,A3,14,C,normal,5950,10005950,cPK_10_005950_00_KARIKIRI_C.webp
Pokemon,5960,Lurantis,A3,15,U,normal,5960,10005960,cPK_10_005960_00_LALANTES_U.webp
Pokemon,5970,Morelull,A3,16,C,normal,5970,10005970,cPK_10_005970_00_NEMASYU_C.webp
Pokemon,5980,Shiinotic,A3,17,U,normal,5980,10005980,cPK_10_005980_00_MASHADE_U.webp
Pokemon,5990,Bounsweet,A3,18,C,normal,5990,10005990,cPK_10_005990_00_AMAKAJI_C.webp
Pokemon,6000,Steenee,A3,19,U,normal,6000,10006000,cPK_10_006000_00_AMAMAIKO_U.webp
Pokemon,6010,Tsareena,A3,20,R,normal,6010,10006010,cPK_10_006010_00_AMAJO_R.webp
Pokemon,6020,Wimpod,A3,21,C,normal,6020,10006020,cPK_10_006020_00_KOSOKUMUSHI_C.webp
Pokemon,6030,Golisopod,A3,22,R,normal,6030,10006030,cPK_10_006030_00_GUSOKUMUSHA_R.webp
Pokemon,6040,Dhelmise ex,A3,23,RR,normal,6040,10006040,cPK_10_006040_00_DADARINex_RR.webp
Pokemon,6050,Tapu Bulu,A3,24,R,normal,6050,10006050,cPK_10_006050_00_KAPU-BULUL_R.webp
Pokemon,6060,Growlithe,A3,25,C,normal,6060,10006060,cPK_10_006060_00_GARDIE_C.webp
Pokemon,6070,Arcanine,A3,26,U,normal,6070,10006070,cPK_10_006070_00_WINDIE_U.webp
Pokemon,6080,Alolan Marowak,A3,27,U,normal,6080,10006080,cPK_10_006080_00_ALOLAGARAGARA_U.webp
Pokemon,6090,Fletchinder,A3,28,C,normal,6090,10006090,cPK_10_006090_00_HINOYAKOMA_C.webp
Pokemon,6100,Talonflame,A3,29,R,normal,6100,10006100,cPK_10_006100_00_FIARROW_R.webp
Pokemon,6110,Litten,A3,30,C,normal,6110,10006110,cPK_10_006110_00_NYABBY_C.webp
Pokemon,6120,Litten,A3,31,C,normal,6120,10006120,cPK_10_006120_00_NYABBY_C.webp
Pokemon,6130,Torracat,A3,32,U,normal,6130,10006130,cPK_10_006130_00_NYAHEAT_U.webp
Pokemon,6140,Incineroar ex,A3,33,RR,normal,6140,10006140,cPK_10_006140_00_GAOGAENex_RR.webp
Pokemon,6150,Oricorio,A3,34,U,normal,6150,10006150,cPK_10_006150_00_ODORIDORIMERAMERASTYLE_U.webp
Pokemon,6160,Salandit,A3,35,C,normal,6160,10006160,cPK_10_006160_00_YATOUMORI_C.webp
Pokemon,6170,Salazzle,A3,36,C,normal,6170,10006170,cPK_10_006170_00_ENNEWT_C.webp
Pokemon,6180,Turtonator,A3,37,R,normal,6180,10006180,cPK_10_006180_00_BAKUGAMES_R.webp
Pokemon,6190,Alolan Sandshrew,A3,38,C,normal,6190,10006190,cPK_10_006190_00_ALOLASAND_C.webp
Pokemon,6200,Alolan Sandslash,A3,39,U,normal,6200,10006200,cPK_10_006200_00_ALOLASANDPAN_U.webp
Pokemon,6210,Alolan Vulpix,A3,40,C,normal,6210,10006210,cPK_10_006210_00_ALOLAROKON_C.webp
Pokemon,6220,Alolan Ninetales,A3,41,R,normal,6220,10006220,cPK_10_006220_00_ALOLAKYUKON_R.webp
Pokemon,6230,Shellder,A3,42,C,normal,6230,10006230,cPK_10_006230_00_SHELLDER_C.webp
Pokemon,6240,Cloyster,A3,43,U,normal,6240,10006240,cPK_10_006240_00_PARSHEN_U.webp
Pokemon,6250,Lapras,A3,44,U,normal,6250,10006250,cPK_10_006250_00_LAPLACE_U.webp
Pokemon,6260,Popplio,A3,45,C,normal,6260,10006260,cPK_10_006260_00_ASHIMARI_C.webp
Pokemon,6270,Popplio,A3,46,C,normal,6270,10006270,cPK_10_006270_00_ASHIMARI_C.webp
Pokemon,6280,Brionne,A3,47,U,normal,6280,10006280,cPK_10_006280_00_OSYAMARI_U.webp
Pokemon,6290,Primarina,A3,48,R,normal,6290,10006290,cPK_10_006290_00_ASHIRENE_R.webp
Pokemon,6300,Crabominable ex,A3,49,RR,normal,6300,10006300,cPK_10_006300_00_KEKENKANIex_RR.webp
Pokemon,6310,Wishiwashi,A3,50,C,normal,6310,10006310,cPK_10_006310_00_YOWASHITANDOKUNOSUGATA_C.webp
Pokemon,6320,Wishiwashi ex,A3,51,RR,normal,6320,10006320,cPK_10_006320_00_YOWASHIMURETASUGATA_RR.webp
Pokemon,6330,Dewpider,A3,52,C,normal,6330,10006330,cPK_10_006330_00_SHIZUKUMO_C.webp
Pokemon,6340,Araquanid,A3,53,U,normal,6340,10006340,cPK_10_006340_00_ONISHIZUKUMO_U.webp
Pokemon,6350,Pyukumuku,A3,54,C,normal,6350,10006350,cPK_10_006350_00_NAMAKOBUSHI_C.webp
Pokemon,6360,Bruxish,A3,55,C,normal,6360,10006360,cPK_10_006360_00_HAGIGISHIRI_C.webp
Pokemon,6370,Tapu Fini,A3,56,R,normal,6370,10006370,cPK_10_006370_00_KAPU-REHIRE_R.webp
Pokemon,6380,Pikachu,A3,57,C,normal,6380,10006380,cPK_10_006380_00_PIKACHU_C.webp
Pokemon,6390,Alolan Raichu ex,A3,58,RR,normal,6390,10006390,cPK_10_006390_00_ALOLARAICHUex_RR.webp
Pokemon,6400,Alolan Geodude,A3,59,C,normal,6400,10006400,cPK_10_006400_00_ALOLAISITSUBUTE_C.webp
Pokemon,6410,Alolan Graveler,A3,60,U,normal,6410,10006410,cPK_10_006410_00_ALOLAGOLONE_U.webp
Pokemon,6420,Alolan Golem,A3,61,R,normal,6420,10006420,cPK_10_006420_00_ALOLAGOLONYA_R.webp
Pokemon,6430,Helioptile,A3,62,C,normal,6430,10006430,cPK_10_006430_00_ERIKITERU_C.webp
Pokemon,6440,Heliolisk,A3,63,C,normal,6440,10006440,cPK_10_006440_00_ELEZARD_C.webp
Pokemon,6450,Charjabug,A3,64,U,normal,6450,10006450,cPK_10_006450_00_DENDIMUSHI_U.webp
Pokemon,6460,Vikavolt,A3,65,R,normal,6460,10006460,cPK_10_006460_00_KUWAGANNON_R.webp
Pokemon,6470,Oricorio,A3,66,R,normal,6470,10006470,cPK_10_006470_00_ODORIDORIPACHIPACHISTYLE_R.webp
Pokemon,6480,Togedemaru,A3,67,C,normal,6480,10006480,cPK_10_006480_00_TOGEDEMARU_C.webp
Pokemon,6490,Tapu Koko,A3,68,R,normal,6490,10006490,cPK_10_006490_00_KAPU-KOKEKO_R.webp
Pokemon,6500,Mr. Mime,A3,69,U,normal,6500,10006500,cPK_10_006500_00_BARRIERD_U.webp
Pokemon,6510,Sableye,A3,70,U,normal,6510,10006510,cPK_10_006510_00_YAMIRAMI_U.webp
Pokemon,6520,Spoink,A3,71,C,normal,6520,10006520,cPK_10_006520_00_BANEBOO_C.webp
Pokemon,6530,Grumpig,A3,72,U,normal,6530,10006530,cPK_10_006530_00_BOOPIG_U.webp
Pokemon,6540,Lunatone,A3,73,C,normal,6540,10006540,cPK_10_006540_00_LUNATONE_C.webp
Pokemon,6550,Shuppet,A3,74,C,normal,6550,10006550,cPK_10_006550_00_KAGEBOUZU_C.webp
Pokemon,6560,Banette,A3,75,C,normal,6560,10006560,cPK_10_006560_00_JUPPETA_C.webp
Pokemon,6570,Oricorio,A3,76,U,normal,6570,10006570,cPK_10_006570_00_ODORIDORIFURAFURASTYLE_U.webp
Pokemon,6580,Oricorio,A3,77,U,normal,6580,10006580,cPK_10_006580_00_ODORIDORIMAIMAISTYLE_U.webp
Pokemon,6590,Cutiefly,A3,78,C,normal,6590,10006590,cPK_10_006590_00_ABULY_C.webp
Pokemon,6600,Ribombee,A3,79,C,normal,6600,10006600,cPK_10_006600_00_ABURIBBON_C.webp
Pokemon,6610,Comfey,A3,80,R,normal,6610,10006610,cPK_10_006610_00_CUWAWA_R.webp
Pokemon,6620,Sandygast,A3,81,C,normal,6620,10006620,cPK_10_006620_00_SUNABA_C.webp
Pokemon,6630,Palossand,A3,82,R,normal,6630,10006630,cPK_10_006630_00_SIRODETHNA_R.webp
Pokemon,6640,Mimikyu,A3,83,C,normal,6640,10006640,cPK_10_006640_00_MIMIKKYU_C.webp
Pokemon,6650,Tapu Lele,A3,84,R,normal,6650,10006650,cPK_10_006650_00_KAPU-TETEFU_R.webp
Pokemon,6660,Cosmog,A3,85,C,normal,6660,10006660,cPK_10_006660_00_COSMOG_C.webp
Pokemon,6670,Cosmoem,A3,86,U,normal,6670,10006670,cPK_10_006670_00_COSMOVUM_U.webp
Pokemon,6680,Lunala ex,A3,87,RR,normal,6680,10006680,cPK_10_006680_00_LUNALAex_RR.webp
Pokemon,6690,Necrozma,A3,88,R,normal,6690,10006690,cPK_10_006690_00_NECROZMA_R.webp
Pokemon,6700,Cubone,A3,89,C,normal,6700,10006700,cPK_10_006700_00_KARAKARA_C.webp
Pokemon,6710,Makuhita,A3,90,C,normal,6710,10006710,cPK_10_006710_00_MAKUNOSHITA_C.webp
Pokemon,6720,Hariyama,A3,91,U,normal,6720,10006720,cPK_10_006720_00_HARITEYAMA_U.webp
Pokemon,6730,Solrock,A3,92,C,normal,6730,10006730,cPK_10_006730_00_SOLROCK_C.webp
Pokemon,6740,Drilbur,A3,93,C,normal,6740,10006740,cPK_10_006740_00_MOGUREW_C.webp
Pokemon,6750,Timburr,A3,94,C,normal,6750,10006750,cPK_10_006750_00_DOKKORER_C.webp
Pokemon,6760,Gurdurr,A3,95,U,normal,6760,10006760,cPK_10_006760_00_DOTEKKOTSU_U.webp
Pokemon,6770,Conkeldurr,A3,96,R,normal,6770,10006770,cPK_10_006770_00_ROUBUSHIN_R.webp
Pokemon,6780,Crabrawler,A3,97,C,normal,6780,10006780,cPK_10_006780_00_MAKENKANI_C.webp
Pokemon,6790,Rockruff,A3,98,C,normal,6790,10006790,cPK_10_006790_00_IWANKO_C.webp
Pokemon,6800,Rockruff,A3,99,C,normal,6800,10006800,cPK_10_006800_00_IWANKO_C.webp
Pokemon,6810,Lycanroc,A3,100,R,normal,6810,10006810,cPK_10_006810_00_LUGARUGANMAHIRUNOSUGATA_R.webp
Pokemon,6820,Lycanroc,A3,101,R,normal,6820,10006820,cPK_10_006820_00_LUGARUGANMAYONAKANOSUGATA_R.webp
Pokemon,6830,Mudbray,A3,102,C,normal,6830,10006830,cPK_10_006830_00_DOROBANKO_C.webp
Pokemon,6840,Mudsdale,A3,103,U,normal,6840,10006840,cPK_10_006840_00_BANBADORO_U.webp
Pokemon,6850,Passimian ex,A3,104,RR,normal,6850,10006850,cPK_10_006850_00_NAGETUKESARUex_RR.webp
Pokemon,6860,Minior,A3,105,U,normal,6860,10006860,cPK_10_006860_00_METENOAKAIRONOCORE_U.webp
Pokemon,6870,Alolan Rattata,A3,106,C,normal,6870,10006870,cPK_10_006870_00_ALOLAKORATTA_C.webp
Pokemon,6880,Alolan Raticate,A3,107,U,normal,6880,10006880,cPK_10_006880_00_ALOLARATTA_U.webp
Pokemon,6890,Alolan Meowth,A3,108,C,normal,6890,10006890,cPK_10_006890_00_ALOLANYARTH_C.webp
Pokemon,6900,Alolan Persian,A3,109,R,normal,6900,10006900,cPK_10_006900_00_ALOLAPERSIAN_R.webp
Pokemon,6910,Alolan Grimer,A3,110,C,normal,6910,10006910,cPK_10_006910_00_ALOLABETBETER_C.webp
Pokemon,6920,Alolan Muk ex,A3,111,RR,normal,6920,10006920,cPK_10_006920_00_ALOLABETBETONex_RR.webp
Pokemon,6930,Absol,A3,112,R,normal,6930,10006930,cPK_10_006930_00_ABSOL_R.webp
Pokemon,6940,Trubbish,A3,113,C,normal,6940,10006940,cPK_10_006940_00_YABUKURON_C.webp
Pokemon,6950,Garbodor,A3,114,U,normal,6950,10006950,cPK_10_006950_00_DUSTDAS_U.webp
Pokemon,6960,Mareanie,A3,115,C,normal,6960,10006960,cPK_10_006960_00_HIDOIDE_C.webp
Pokemon,6970,Toxapex,A3,116,C,normal,6970,10006970,cPK_10_006970_00_DOHIDOIDE_C.webp
Pokemon,6980,Alolan Diglett,A3,117,C,normal,6980,10006980,cPK_10_006980_00_ALOLADIGDA_C.webp
Pokemon,6990,Alolan Dugtrio,A3,118,C,normal,6990,10006990,cPK_10_006990_00_ALOLADUGTRIO_C.webp
Pokemon,7000,Excadrill,A3,119,U,normal,7000,10007000,cPK_10_007000_00_DORYUZU_U.webp
Pokemon,7010,Escavalier,A3,120,U,normal,7010,10007010,cPK_10_007010_00_CHEVARGO_U.webp
Pokemon,7020,Klefki,A3,121,R,normal,7020,10007020,cPK_10_007020_00_CLEFFY_R.webp
Pokemon,7030,Solgaleo ex,A3,122,RR,normal,7030,10007030,cPK_10_007030_00_SOLGALEOex_RR.webp
Pokemon,7040,Magearna,A3,123,R,normal,7040,10007040,cPK_10_007040_00_MAGEARNA_R.webp
Pokemon,7050,Drampa,A3,124,R,normal,7050,10007050,cPK_10_007050_00_JIJILONG_R.webp
Pokemon,7060,Jangmo-o,A3,125,C,normal,7060,10007060,cPK_10_007060_00_JYARAKO_C.webp
Pokemon,7070,Hakamo-o,A3,126,U,normal,7070,10007070,cPK_10_007070_00_JYARANGO_U.webp
Pokemon,7080,Kommo-o,A3,127,R,normal,7080,10007080,cPK_10_007080_00_JYARARANGA_R.webp
Pokemon,7090,Tauros,A3,128,U,normal,7090,10007090,cPK_10_007090_00_KENTAUROS_U.webp
Pokemon,7100,Skitty,A3,129,C,normal,7100,10007100,cPK_10_007100_00_ENECO_C.webp
Pokemon,7110,Delcatty,A3,130,U,normal,7110,10007110,cPK_10_007110_00_ENEKORORO_U.webp
Pokemon,7120,Fletchling,A3,131,C,normal,7120,10007120,cPK_10_007120_00_YAYAKOMA_C.webp
Pokemon,7130,Hawlucha,A3,132,U,normal,7130,10007130,cPK_10_007130_00_LUCHABULL_U.webp
Pokemon,7140,Pikipek,A3,133,C,normal,7140,10007140,cPK_10_007140_00_TSUTSUKERA_C.webp
Pokemon,7150,Trumbeak,A3,134,C,normal,7150,10007150,cPK_10_007150_00_KERARAPPA_C.webp
Pokemon,7160,Toucannon,A3,135,U,normal,7160,10007160,cPK_10_007160_00_DODEKABASHI_U.webp
Pokemon,7170,Yungoos,A3,136,C,normal,7170,10007170,cPK_10_007170_00_YOUNGOOSE_C.webp
Pokemon,7180,Gumshoos,A3,137,C,normal,7180,10007180,cPK_10_007180_00_DEKAGOOSE_C.webp
Pokemon,7190,Stufful,A3,138,C,normal,7190,10007190,cPK_10_007190_00_NUIKOGUMA_C.webp
Pokemon,7200,Bewear,A3,139,R,normal,7200,10007200,cPK_10_007200_00_KITERUGUMA_R.webp
Pokemon,7210,Oranguru,A3,140,R,normal,7210,10007210,cPK_10_007210_00_YAREYUUTAN_R.webp
Pokemon,7220,Komala,A3,141,U,normal,7220,10007220,cPK_10_007220_00_NEKKOARA_U.webp
Pokemon,7230,Alolan Grimer,PROMO-A,72,C,promo-only,7230,10007230,cPK_90_007230_00_ALOLABETBETER_C.webp
Pokemon,7240,Toucannon,PROMO-A,73,C,promo-only,7240,10007240,cPK_90_007240_00_DODEKABASHI_C.webp
Pokemon,7250,Kartana,A3a,8,C,normal,7250,10007250,cPK_10_007250_00_KAMITURUGI_C.webp
Pokemon,7260,Blacephalon,A3a,9,U,normal,7260,10007260,cPK_10_007260_00_ZUGADOON_U.webp
Pokemon,7270,Xurkitree,A3a,20,U,normal,7270,10007270,cPK_10_007270_00_DENJYUMOKU_U.webp
Pokemon,7280,Dawn Wings Necrozma,PROMO-A,78,R,promo-only,7280,10007280,cPK_90_007280_00_NECROZMAAKATSUKINOTSUBASA_R.webp
Pokemon,7290,Dusk Mane Necrozma,PROMO-A,79,R,promo-only,7290,10007290,cPK_90_007290_00_NECROZMATASOGARENOTATEGAMI_R.webp
Pokemon,7300,Stakataka,A3a,53,U,normal,7300,10007300,cPK_10_007300_00_TUNDETUNDE_U.webp
Pokemon,7310,Ultra Necrozma ex,PROMO-A,81,RR,promo-only,7310,10007310,cPK_90_007310_00_NECROZMAULTRANECROZMAex_RR.webp
Pokemon,7320,Vanillite,A3b,18,C,normal,7320,10007320,cPK_10_007320_00_VANIPETI_C.webp
Pokemon,7330,Jolteon,A3b,25,R,normal,7330,10007330,cPK_10_007330_00_THUNDERS_R.webp
Pokemon,7340,Alcremie,A3b,37,U,normal,7340,10007340,cPK_10_007340_00_MAWHIP_U.webp
Pokemon,7350,Dragonair,PROMO-A,88,C,promo-only,7350,10007350,cPK_90_007350_00_HAKURYU_C.webp
Pokemon,7360,Audino,PROMO-A,89,C,promo-only,7360,10007360,cPK_90_007360_00_TABUNNE_C.webp
Pokemon,7370,Poipole,A3a,44,C,normal,7370,10007370,cPK_10_007370_00_BEVENOM_C.webp
Pokemon,7380,Stufful,A3a,57,C,normal,7380,10007380,cPK_10_007380_00_NUIKOGUMA_C.webp
Pokemon,7390,Togedemaru,A3b,48,C,normal,7390,10007390,cPK_10_007390_00_TOGEDEMARU_C.webp
Pokemon,7400,Greedent,A3b,65,U,normal,7400,10007400,cPK_10_007400_00_YOKUBARISU_U.webp
Pokemon,7410,Zeraora,A3a,21,R,normal,7410,10007410,cPK_10_007410_00_ZERAORA_R.webp
Pokemon,7420,Tapu Koko ex,A3a,19,RR,normal,7420,10007420,cPK_10_007420_00_KAPU-KOKEKOex_RR.webp
Pokemon,7430,Petilil,A3a,1,C,normal,7430,10007430,cPK_10_007430_00_CHURINE_C.webp
Pokemon,7440,Lilligant,A3a,2,C,normal,7440,10007440,cPK_10_007440_00_DREDEAR_C.webp
Pokemon,7450,Rowlet,A3a,3,C,normal,7450,10007450,cPK_10_007450_00_MOKUROH_C.webp
Pokemon,7460,Dartrix,A3a,4,U,normal,7460,10007460,cPK_10_007460_00_FUKUTHROW_U.webp
Pokemon,7470,Decidueye,A3a,5,R,normal,7470,10007470,cPK_10_007470_00_JUNAIPER_R.webp
Pokemon,7480,Buzzwole ex,A3a,6,RR,normal,7480,10007480,cPK_10_007480_00_MASSIVOONex_RR.webp
Pokemon,7490,Pheromosa,A3a,7,U,normal,7490,10007490,cPK_10_007490_00_PHEROACHE_U.webp
Pokemon,7500,Mantine,A3a,10,C,normal,7500,10007500,cPK_10_007500_00_MANTAIN_C.webp
Pokemon,7510,Carvanha,A3a,11,C,normal,7510,10007510,cPK_10_007510_00_KIBANHA_C.webp
Pokemon,7520,Sharpedo,A3a,12,U,normal,7520,10007520,cPK_10_007520_00_SAMEHADER_U.webp
Pokemon,7530,Shinx,A3a,13,C,normal,7530,10007530,cPK_10_007530_00_KOLINK_C.webp
Pokemon,7540,Luxio,A3a,14,C,normal,7540,10007540,cPK_10_007540_00_LUXIO_C.webp
Pokemon,7550,Luxray,A3a,15,R,normal,7550,10007550,cPK_10_007550_00_RENTORAR_R.webp
Pokemon,7560,Blitzle,A3a,16,C,normal,7560,10007560,cPK_10_007560_00_SHIMAMA_C.webp
Pokemon,7570,Zebstrika,A3a,17,C,normal,7570,10007570,cPK_10_007570_00_ZEBRAIKA_C.webp
Pokemon,7580,Emolga,A3a,18,C,normal,7580,10007580,cPK_10_007580_00_EMOLGA_C.webp
Pokemon,7590,Clefairy,A3a,22,C,normal,7590,10007590,cPK_10_007590_00_PIPPI_C.webp
Pokemon,7600,Clefable,A3a,23,U,normal,7600,10007600,cPK_10_007600_00_PIXY_U.webp
Pokemon,7610,Phantump,A3a,24,C,normal,7610,10007610,cPK_10_007610_00_BOKUREI_C.webp
Pokemon,7620,Trevenant,A3a,25,C,normal,7620,10007620,cPK_10_007620_00_OHROT_C.webp
Pokemon,7630,Morelull,A3a,26,C,normal,7630,10007630,cPK_10_007630_00_NEMASYU_C.webp
Pokemon,7640,Shiinotic,A3a,27,R,normal,7640,10007640,cPK_10_007640_00_MASHADE_R.webp
Pokemon,7650,Meditite,A3a,28,C,normal,7650,10007650,cPK_10_007650_00_ASANAN_C.webp
Pokemon,7660,Medicham,A3a,29,U,normal,7660,10007660,cPK_10_007660_00_CHAREM_U.webp
Pokemon,7670,Baltoy,A3a,30,C,normal,7670,10007670,cPK_10_007670_00_YAJILON_C.webp
Pokemon,7680,Claydol,A3a,31,U,normal,7680,10007680,cPK_10_007680_00_NENDOLL_U.webp
Pokemon,7690,Rockruff,A3a,32,C,normal,7690,10007690,cPK_10_007690_00_IWANKO_C.webp
Pokemon,7700,Lycanroc ex,A3a,33,RR,normal,7700,10007700,cPK_10_007700_00_LUGARUGANTASOGARENOSUGATA_RR.webp
Pokemon,7710,Passimian,A3a,34,C,normal,7710,10007710,cPK_10_007710_00_NAGETUKESARU_C.webp
Pokemon,7720,Sandygast,A3a,35,C,normal,7720,10007720,cPK_10_007720_00_SUNABA_C.webp
Pokemon,7730,Palossand,A3a,36,U,normal,7730,10007730,cPK_10_007730_00_SIRODETHNA_U.webp
Pokemon,7740,Alolan Meowth,A3a,37,C,normal,7740,10007740,cPK_10_007740_00_ALOLANYARTH_C.webp
Pokemon,7750,Alolan Persian,A3a,38,U,normal,7750,10007750,cPK_10_007750_00_ALOLAPERSIAN_U.webp
Pokemon,7760,Sandile,A3a,39,C,normal,7760,10007760,cPK_10_007760_00_MEGUROCO_C.webp
Pokemon,7770,Krokorok,A3a,40,C,normal,7770,10007770,cPK_10_007770_00_WARUVILE_C.webp
Pokemon,7780,Krookodile,A3a,41,U,normal,7780,10007780,cPK_10_007780_00_WARUVIAL_U.webp
Pokemon,7790,Nihilego,A3a,42,R,normal,7790,10007790,cPK_10_007790_00_UTUROID_R.webp
Pokemon,7800,Guzzlord ex,A3a,43,RR,normal,7800,10007800,cPK_10_007800_00_AKUZIKINGex_RR.webp
Pokemon,7810,Naganadel,A3a,45,R,normal,7810,10007810,cPK_10_007810_00_AGOYON_R.webp
Pokemon,7820,Alolan Diglett,A3a,46,C,normal,7820,10007820,cPK_10_007820_00_ALOLADIGDA_C.webp
Pokemon,7830,Alolan Dugtrio ex,A3a,47,RR,normal,7830,10007830,cPK_10_007830_00_ALOLADUGTRIOex_RR.webp
Pokemon,7840,Aron,A3a,48,C,normal,7840,10007840,cPK_10_007840_00_COKODORA_C.webp
Pokemon,7850,Lairon,A3a,49,C,normal,7850,10007850,cPK_10_007850_00_KODORA_C.webp
Pokemon,7860,Aggron,A3a,50,U,normal,7860,10007860,cPK_10_007860_00_BOSSGODORA_U.webp
Pokemon,7870,Ferroseed,A3a,51,C,normal,7870,10007870,cPK_10_007870_00_TESSEED_C.webp
Pokemon,7880,Ferrothorn,A3a,52,U,normal,7880,10007880,cPK_10_007880_00_NUTREY_U.webp
Pokemon,7890,Lillipup,A3a,54,C,normal,7890,10007890,cPK_10_007890_00_YORTERRIE_C.webp
Pokemon,7900,Herdier,A3a,55,C,normal,7900,10007900,cPK_10_007900_00_HERDERRIE_C.webp
Pokemon,7910,Stoutland,A3a,56,U,normal,7910,10007910,cPK_10_007910_00_MOOLAND_U.webp
Pokemon,7920,Bewear,A3a,58,U,normal,7920,10007920,cPK_10_007920_00_KITERUGUMA_U.webp
Pokemon,7930,Oranguru,A3a,59,C,normal,7930,10007930,cPK_10_007930_00_YAREYUUTAN_C.webp
Pokemon,7940,Type: Null,A3a,60,U,normal,7940,10007940,cPK_10_007940_00_TYPENULL_U.webp
Pokemon,7950,Silvally,A3a,61,R,normal,7950,10007950,cPK_10_007950_00_SILVADY_R.webp
Pokemon,7960,Celesteela,A3a,62,R,normal,7960,10007960,cPK_10_007960_00_TEKKAGUYA_R.webp
Pokemon,7970,Tropius,A3b,1,U,normal,7970,10007970,cPK_10_007970_00_TROPIUS_U.webp
Pokemon,7980,Leafeon,A3b,2,R,normal,7980,10007980,cPK_10_007980_00_LEAFIA_R.webp
Pokemon,7990,Bounsweet,A3b,3,C,normal,7990,10007990,cPK_10_007990_00_AMAKAJI_C.webp
Pokemon,8000,Steenee,A3b,4,C,normal,8000,10008000,cPK_10_008000_00_AMAMAIKO_C.webp
Pokemon,8010,Tsareena,A3b,5,U,normal,8010,10008010,cPK_10_008010_00_AMAJO_U.webp
Pokemon,8020,Applin,A3b,6,C,normal,8020,10008020,cPK_10_008020_00_KAJICCHU_C.webp
Pokemon,8030,Appletun,A3b,7,U,normal,8030,10008030,cPK_10_008030_00_TARUPPLE_U.webp
Pokemon,8040,Flareon,A3b,8,R,normal,8040,10008040,cPK_10_008040_00_BOOSTER_R.webp
Pokemon,8050,Flareon ex,A3b,9,RR,normal,8050,10008050,cPK_10_008050_00_BOOSTERex_RR.webp
Pokemon,8060,Torkoal,A3b,10,C,normal,8060,10008060,cPK_10_008060_00_COTOISE_C.webp
Pokemon,8070,Litten,A3b,11,C,normal,8070,10008070,cPK_10_008070_00_NYABBY_C.webp
Pokemon,8080,Torracat,A3b,12,C,normal,8080,10008080,cPK_10_008080_00_NYAHEAT_C.webp
Pokemon,8090,Incineroar,A3b,13,U,normal,8090,10008090,cPK_10_008090_00_GAOGAEN_U.webp
Pokemon,8100,Salandit,A3b,14,C,normal,8100,10008100,cPK_10_008100_00_YATOUMORI_C.webp
Pokemon,8110,Salazzle,A3b,15,U,normal,8110,10008110,cPK_10_008110_00_ENNEWT_U.webp
Pokemon,8120,Vaporeon,A3b,16,R,normal,8120,10008120,cPK_10_008120_00_SHOWERS_R.webp
Pokemon,8130,Glaceon,A3b,17,R,normal,8130,10008130,cPK_10_008130_00_GLACIA_R.webp
Pokemon,8140,Vanillish,A3b,19,C,normal,8140,10008140,cPK_10_008140_00_VANIRICH_C.webp
Pokemon,8150,Vanilluxe,A3b,20,U,normal,8150,10008150,cPK_10_008150_00_BAIVANILLA_U.webp
Pokemon,8160,Alomomola,A3b,21,C,normal,8160,10008160,cPK_10_008160_00_MAMANBOU_C.webp
Pokemon,8170,Popplio,A3b,22,C,normal,8170,10008170,cPK_10_008170_00_ASHIMARI_C.webp
Pokemon,8180,Brionne,A3b,23,C,normal,8180,10008180,cPK_10_008180_00_OSYAMARI_C.webp
Pokemon,8190,Primarina ex,A3b,24,RR,normal,8190,10008190,cPK_10_008190_00_ASHIRENEex_RR.webp
Pokemon,8200,Joltik,A3b,26,C,normal,8200,10008200,cPK_10_008200_00_BACHURU_C.webp
Pokemon,8210,Galvantula,A3b,27,U,normal,8210,10008210,cPK_10_008210_00_DENTULA_U.webp
Pokemon,8220,Espeon,A3b,28,R,normal,8220,10008220,cPK_10_008220_00_EIFIE_R.webp
Pokemon,8230,Woobat,A3b,29,C,normal,8230,10008230,cPK_10_008230_00_KOROMORI_C.webp
Pokemon,8240,Swoobat,A3b,30,U,normal,8240,10008240,cPK_10_008240_00_KOKOROMORI_U.webp
Pokemon,8250,Swirlix,A3b,31,C,normal,8250,10008250,cPK_10_008250_00_PEROPPAFU_C.webp
Pokemon,8260,Slurpuff,A3b,32,U,normal,8260,10008260,cPK_10_008260_00_PEROREAM_U.webp
Pokemon,8270,Sylveon,A3b,33,R,normal,8270,10008270,cPK_10_008270_00_NYMPHIA_R.webp
Pokemon,8280,Sylveon ex,A3b,34,RR,normal,8280,10008280,cPK_10_008280_00_NYMPHIAex_RR.webp
Pokemon,8290,Mimikyu,A3b,35,U,normal,8290,10008290,cPK_10_008290_00_MIMIKKYU_U.webp
Pokemon,8300,Milcery,A3b,36,C,normal,8300,10008300,cPK_10_008300_00_MAHOMIL_C.webp
Pokemon,8310,Barboach,A3b,38,C,normal,8310,10008310,cPK_10_008310_00_DOJOACH_C.webp
Pokemon,8320,Whiscash,A3b,39,U,normal,8320,10008320,cPK_10_008320_00_NAMAZUN_U.webp
Pokemon,8330,Mienfoo,A3b,40,C,normal,8330,10008330,cPK_10_008330_00_KOJOFU_C.webp
Pokemon,8340,Mienshao,A3b,41,U,normal,8340,10008340,cPK_10_008340_00_KOJONDO_U.webp
Pokemon,8350,Carbink,A3b,42,C,normal,8350,10008350,cPK_10_008350_00_MELECIE_C.webp
Pokemon,8360,Umbreon,A3b,43,R,normal,8360,10008360,cPK_10_008360_00_BRACKY_R.webp
Pokemon,8370,Sableye,A3b,44,C,normal,8370,10008370,cPK_10_008370_00_YAMIRAMI_C.webp
Pokemon,8380,Purrloin,A3b,45,C,normal,8380,10008380,cPK_10_008380_00_CHORONEKO_C.webp
Pokemon,8390,Liepard,A3b,46,U,normal,8390,10008390,cPK_10_008390_00_LEPARDAS_U.webp
Pokemon,8400,Mawile,A3b,47,C,normal,8400,10008400,cPK_10_008400_00_KUCHEAT_C.webp
Pokemon,8410,Meltan,A3b,49,C,normal,8410,10008410,cPK_10_008410_00_MELTAN_C.webp
Pokemon,8420,Melmetal,A3b,50,U,normal,8420,10008420,cPK_10_008420_00_MELMETAL_U.webp
Pokemon,8430,Dratini,A3b,51,C,normal,8430,10008430,cPK_10_008430_00_MINIRYU_C.webp
Pokemon,8440,Dragonair,A3b,52,C,normal,8440,10008440,cPK_10_008440_00_HAKURYU_C.webp
Pokemon,8450,Dragonite ex,A3b,53,RR,normal,8450,10008450,cPK_10_008450_00_KAIRYUex_RR.webp
Pokemon,8460,Drampa,A3b,54,U,normal,8460,10008460,cPK_10_008460_00_JIJILONG_U.webp
Pokemon,8470,Eevee,A3b,55,C,normal,8470,10008470,cPK_10_008470_00_EIEVUI_C.webp
Pokemon,8480,Eevee ex,A3b,56,RR,normal,8480,10008480,cPK_10_008480_00_EIEVUIex_RR.webp
Pokemon,8490,Snorlax ex,A3b,57,RR,normal,8490,10008490,cPK_10_008490_00_KABIGONex_RR.webp
Pokemon,8500,Aipom,A3b,58,C,normal,8500,10008500,cPK_10_008500_00_EIPAM_C.webp
Pokemon,8510,Ambipom,A3b,59,U,normal,8510,10008510,cPK_10_008510_00_ETEBOTH_U.webp
Pokemon,8520,Chatot,A3b,60,C,normal,8520,10008520,cPK_10_008520_00_PERAP_C.webp
Pokemon,8530,Audino,A3b,61,C,normal,8530,10008530,cPK_10_008530_00_TABUNNE_C.webp
Pokemon,8540,Minccino,A3b,62,C,normal,8540,10008540,cPK_10_008540_00_CHILLARMY_C.webp
Pokemon,8550,Cinccino,A3b,63,U,normal,8550,10008550,cPK_10_008550_00_CHILLACCINO_U.webp
Pokemon,8560,Skwovet,A3b,64,C,normal,8560,10008560,cPK_10_008560_00_HOSHIGARISU_C.webp
Pokemon,8570,Oddish,A4,1,C,normal,8570,10008570,cPK_10_008570_00_NAZONOKUSA_C.webp
Pokemon,8580,Gloom,A4,2,U,normal,8580,10008580,cPK_10_008580_00_KUSAIHANA_U.webp
Pokemon,8590,Bellossom,A4,3,R,normal,8590,10008590,cPK_10_008590_00_KIREIHANA_R.webp
Pokemon,8600,Tangela,A4,4,C,normal,8600,10008600,cPK_10_008600_00_MONJARA_C.webp
Pokemon,8610,Tangrowth,A4,5,R,normal,8610,10008610,cPK_10_008610_00_MOJUMBO_R.webp
Pokemon,8620,Scyther,A4,6,C,normal,8620,10008620,cPK_10_008620_00_STRIKE_C.webp
Pokemon,8630,Pinsir,A4,7,C,normal,8630,10008630,cPK_10_008630_00_KAILIOS_C.webp
Pokemon,8640,Chikorita,A4,8,C,normal,8640,10008640,cPK_10_008640_00_CHICORITA_C.webp
Pokemon,8650,Bayleef,A4,9,U,normal,8650,10008650,cPK_10_008650_00_BAYLEAF_U.webp
Pokemon,8660,Meganium,A4,10,R,normal,8660,10008660,cPK_10_008660_00_MEGANIUM_R.webp
Pokemon,8670,Ledyba,A4,11,C,normal,8670,10008670,cPK_10_008670_00_REDIBA_C.webp
Pokemon,8680,Ledian,A4,12,C,normal,8680,10008680,cPK_10_008680_00_REDIAN_C.webp
Pokemon,8690,Hoppip,A4,13,C,normal,8690,10008690,cPK_10_008690_00_HANECCO_C.webp
Pokemon,8700,Skiploom,A4,14,U,normal,8700,10008700,cPK_10_008700_00_POPOCCO_U.webp
Pokemon,8710,Jumpluff,A4,15,R,normal,8710,10008710,cPK_10_008710_00_WATACCO_R.webp
Pokemon,8720,Sunkern,A4,16,C,normal,8720,10008720,cPK_10_008720_00_HIMANUTS_C.webp
Pokemon,8730,Sunflora,A4,17,U,normal,8730,10008730,cPK_10_008730_00_KIMAWARI_U.webp
Pokemon,8740,Yanma,A4,18,C,normal,8740,10008740,cPK_10_008740_00_YANYANMA_C.webp
Pokemon,8750,Yanmega,A4,19,U,normal,8750,10008750,cPK_10_008750_00_MEGAYANMA_U.webp
Pokemon,8760,Pineco,A4,20,C,normal,8760,10008760,cPK_10_008760_00_KUNUGIDAMA_C.webp
Pokemon,8770,Shuckle ex,A4,21,RR,normal,8770,10008770,cPK_10_008770_00_TSUBOTSUBOex_RR.webp
Pokemon,8780,Heracross,A4,22,R,normal,8780,10008780,cPK_10_008780_00_HERACROS_R.webp
Pokemon,8790,Cherubi,A4,23,C,normal,8790,10008790,cPK_10_008790_00_CHERINBO_C.webp
Pokemon,8800,Cherrim,A4,24,U,normal,8800,10008800,cPK_10_008800_00_CHERRIM_U.webp
Pokemon,8810,Vulpix,A4,25,C,normal,8810,10008810,cPK_10_008810_00_ROKON_C.webp
Pokemon,8820,Ninetales,A4,26,R,normal,8820,10008820,cPK_10_008820_00_KYUKON_R.webp
Pokemon,8830,Cyndaquil,A4,27,C,normal,8830,10008830,cPK_10_008830_00_HINOARASHI_C.webp
Pokemon,8840,Quilava,A4,28,U,normal,8840,10008840,cPK_10_008840_00_MAGMARASHI_U.webp
Pokemon,8850,Typhlosion,A4,29,R,normal,8850,10008850,cPK_10_008850_00_BAKPHOON_R.webp
Pokemon,8860,Slugma,A4,30,C,normal,8860,10008860,cPK_10_008860_00_MAGMAG_C.webp
Pokemon,8870,Magcargo,A4,31,U,normal,8870,10008870,cPK_10_008870_00_MAGCARGOT_U.webp
Pokemon,8880,Magby,A4,32,R,normal,8880,10008880,cPK_10_008880_00_BUBY_R.webp
Pokemon,8890,Entei,A4,33,R,normal,8890,10008890,cPK_10_008890_00_ENTEI_R.webp
Pokemon,8900,Ho-Oh ex,A4,34,RR,normal,8900,10008900,cPK_10_008900_00_HOUOUex_RR.webp
Pokemon,8910,Darumaka,A4,35,C,normal,8910,10008910,cPK_10_008910_00_DARUMAKKA_C.webp
Pokemon,8920,Darmanitan,A4,36,U,normal,8920,10008920,cPK_10_008920_00_HIHIDARUMA_U.webp
Pokemon,8930,Heatmor,A4,37,C,normal,8930,10008930,cPK_10_008930_00_KUITARAN_C.webp
Pokemon,8940,Poliwag,A4,38,C,normal,8940,10008940,cPK_10_008940_00_NYOROMO_C.webp
Pokemon,8950,Poliwhirl,A4,39,U,normal,8950,10008950,cPK_10_008950_00_NYOROZO_U.webp
Pokemon,8960,Politoed,A4,40,R,normal,8960,10008960,cPK_10_008960_00_NYOROTONO_R.webp
Pokemon,8970,Horsea,A4,41,C,normal,8970,10008970,cPK_10_008970_00_TATTU_C.webp
Pokemon,8980,Seadra,A4,42,U,normal,8980,10008980,cPK_10_008980_00_SEADRA_U.webp
Pokemon,8990,Kingdra ex,A4,43,RR,normal,8990,10008990,cPK_10_008990_00_KINGDRAex_RR.webp
Pokemon,9000,Magikarp,A4,44,C,normal,9000,10009000,cPK_10_009000_00_KOIKING_C.webp
Pokemon,9010,Gyarados,A4,45,R,normal,9010,10009010,cPK_10_009010_00_GYARADOS_R.webp
Pokemon,9020,Totodile,A4,46,C,normal,9020,10009020,cPK_10_009020_00_WANINOKO_C.webp
Pokemon,9030,Croconaw,A4,47,U,normal,9030,10009030,cPK_10_009030_00_ALLIGATES_U.webp
Pokemon,9040,Feraligatr,A4,48,R,normal,9040,10009040,cPK_10_009040_00_ORDILE_R.webp
Pokemon,9050,Marill,A4,49,C,normal,9050,10009050,cPK_10_009050_00_MARIL_C.webp
Pokemon,9060,Azumarill,A4,50,U,normal,9060,10009060,cPK_10_009060_00_MARILLI_U.webp
Pokemon,9070,Wooper,A4,51,C,normal,9070,10009070,cPK_10_009070_00_UPAH_C.webp
Pokemon,9080,Quagsire,A4,52,U,normal,9080,10009080,cPK_10_009080_00_NUOH_U.webp
Pokemon,9090,Qwilfish,A4,53,U,normal,9090,10009090,cPK_10_009090_00_HARYSEN_U.webp
Pokemon,9100,Corsola,A4,54,C,normal,9100,10009100,cPK_10_009100_00_SUNNYGO_C.webp
Pokemon,9110,Remoraid,A4,55,C,normal,9110,10009110,cPK_10_009110_00_TEPPOUO_C.webp
Pokemon,9120,Octillery,A4,56,R,normal,9120,10009120,cPK_10_009120_00_OKUTANK_R.webp
Pokemon,9130,Delibird,A4,57,U,normal,9130,10009130,cPK_10_009130_00_DELIBIRD_U.webp
Pokemon,9140,Mantine,A4,58,U,normal,9140,10009140,cPK_10_009140_00_MANTAIN_U.webp
Pokemon,9150,Suicune,A4,59,R,normal,9150,10009150,cPK_10_009150_00_SUICUNE_R.webp
Pokemon,9160,Corphish,A4,60,C,normal,9160,10009160,cPK_10_009160_00_HEIGANI_C.webp
Pokemon,9170,Crawdaunt,A4,61,R,normal,9170,10009170,cPK_10_009170_00_SHIZARIGER_R.webp
Pokemon,9180,Ducklett,A4,62,C,normal,9180,10009180,cPK_10_009180_00_KOARUHIE_C.webp
Pokemon,9190,Swanna,A4,63,U,normal,9190,10009190,cPK_10_009190_00_SWANNA_U.webp
Pokemon,9200,Chinchou,A4,64,C,normal,9200,10009200,cPK_10_009200_00_CHONCHIE_C.webp
Pokemon,9210,Lanturn ex,A4,65,RR,normal,9210,10009210,cPK_10_009210_00_LANTERNex_RR.webp
Pokemon,9220,Pichu,A4,66,R,normal,9220,10009220,cPK_10_009220_00_PICHU_R.webp
Pokemon,9230,Mareep,A4,67,C,normal,9230,10009230,cPK_10_009230_00_MERRIEP_C.webp
Pokemon,9240,Flaaffy,A4,68,U,normal,9240,10009240,cPK_10_009240_00_MOKOKO_U.webp
Pokemon,9250,Ampharos,A4,69,R,normal,9250,10009250,cPK_10_009250_00_DENRYU_R.webp
Pokemon,9260,Elekid,A4,70,R,normal,9260,10009260,cPK_10_009260_00_ELEKID_R.webp
Pokemon,9270,Raikou,A4,71,R,normal,9270,10009270,cPK_10_009270_00_RAIKOU_R.webp
Pokemon,9280,Emolga,A4,72,C,normal,9280,10009280,cPK_10_009280_00_EMOLGA_C.webp
Pokemon,9290,Slowpoke,A4,73,C,normal,9290,10009290,cPK_10_009290_00_YADON_C.webp
Pokemon,9300,Slowking,A4,74,U,normal,9300,10009300,cPK_10_009300_00_YADOKING_U.webp
Pokemon,9310,Smoochum,A4,75,R,normal,9310,10009310,cPK_10_009310_00_MUCHUL_R.webp
Pokemon,9320,Jynx,A4,76,C,normal,9320,10009320,cPK_10_009320_00_ROUGELA_C.webp
Pokemon,9330,Cleffa,A4,77,R,normal,9330,10009330,cPK_10_009330_00_PY_R.webp
Pokemon,9340,Togepi,A4,78,C,normal,9340,10009340,cPK_10_009340_00_TOGEPY_C.webp
Pokemon,9350,Togetic,A4,79,U,normal,9350,10009350,cPK_10_009350_00_TOGECHICK_U.webp
Pokemon,9360,Togekiss,A4,80,R,normal,9360,10009360,cPK_10_009360_00_TOGEKISS_R.webp
Pokemon,9370,Natu,A4,81,C,normal,9370,10009370,cPK_10_009370_00_NATY_C.webp
Pokemon,9380,Xatu,A4,82,R,normal,9380,10009380,cPK_10_009380_00_NATIO_R.webp
Pokemon,9390,Espeon ex,A4,83,RR,normal,9390,10009390,cPK_10_009390_00_EIFIEex_RR.webp
Pokemon,9400,Unown,A4,84,R,normal,9400,10009400,cPK_10_009400_00_UNKNOWN_R.webp
Pokemon,9410,Unown,A4,85,R,normal,9410,10009410,cPK_10_009410_00_UNKNOWN_R.webp
Pokemon,9420,Wobbuffet,A4,86,C,normal,9420,10009420,cPK_10_009420_00_SONANS_C.webp
Pokemon,9430,Girafarig,A4,87,C,normal,9430,10009430,cPK_10_009430_00_KIRINRIKI_C.webp
Pokemon,9440,Snubbull,A4,88,C,normal,9440,10009440,cPK_10_009440_00_BULU_C.webp
Pokemon,9450,Granbull,A4,89,U,normal,9450,10009450,cPK_10_009450_00_GRANBULU_U.webp
Pokemon,9460,Munna,A4,90,C,normal,9460,10009460,cPK_10_009460_00_MUNNA_C.webp
Pokemon,9470,Musharna,A4,91,U,normal,9470,10009470,cPK_10_009470_00_MUSHARNA_U.webp
Pokemon,9480,Onix,A4,92,C,normal,9480,10009480,cPK_10_009480_00_IWARK_C.webp
Pokemon,9490,Sudowoodo,A4,93,C,normal,9490,10009490,cPK_10_009490_00_USOKKIE_C.webp
Pokemon,9500,Gligar,A4,94,C,normal,9500,10009500,cPK_10_009500_00_GLIGER_C.webp
Pokemon,9510,Gliscor,A4,95,U,normal,9510,10009510,cPK_10_009510_00_GLION_U.webp
Pokemon,9520,Swinub,A4,96,C,normal,9520,10009520,cPK_10_009520_00_URIMOO_C.webp
Pokemon,9530,Piloswine,A4,97,U,normal,9530,10009530,cPK_10_009530_00_INOMOO_U.webp
Pokemon,9540,Mamoswine,A4,98,R,normal,9540,10009540,cPK_10_009540_00_MAMMOO_R.webp
Pokemon,9550,Phanpy,A4,99,C,normal,9550,10009550,cPK_10_009550_00_GOMAZOU_C.webp
Pokemon,9560,Donphan ex,A4,100,RR,normal,9560,10009560,cPK_10_009560_00_DONFANex_RR.webp
Pokemon,9570,Tyrogue,A4,101,R,normal,9570,10009570,cPK_10_009570_00_BALKIE_R.webp
Pokemon,9580,Hitmontop,A4,102,C,normal,9580,10009580,cPK_10_009580_00_KAPOERER_C.webp
Pokemon,9590,Larvitar,A4,103,C,normal,9590,10009590,cPK_10_009590_00_YOGIRAS_C.webp
Pokemon,9600,Pupitar,A4,104,U,normal,9600,10009600,cPK_10_009600_00_SANAGIRAS_U.webp
Pokemon,9610,Binacle,A4,105,C,normal,9610,10009610,cPK_10_009610_00_KAMETETE_C.webp
Pokemon,9620,Barbaracle,A4,106,U,normal,9620,10009620,cPK_10_009620_00_GAMENODES_U.webp
Pokemon,9630,Zubat,A4,107,C,normal,9630,10009630,cPK_10_009630_00_ZUBAT_C.webp
Pokemon,9640,Golbat,A4,108,U,normal,9640,10009640,cPK_10_009640_00_GOLBAT_U.webp
Pokemon,9650,Crobat ex,A4,109,RR,normal,9650,10009650,cPK_10_009650_00_CROBATex_RR.webp
Pokemon,9660,Spinarak,A4,110,C,normal,9660,10009660,cPK_10_009660_00_ITOMARU_C.webp
Pokemon,9670,Ariados,A4,111,U,normal,9670,10009670,cPK_10_009670_00_ARIADOS_U.webp
Pokemon,9680,Umbreon ex,A4,112,RR,normal,9680,10009680,cPK_10_009680_00_BRACKYex_RR.webp
Pokemon,9690,Murkrow,A4,113,C,normal,9690,10009690,cPK_10_009690_00_YAMIKARASU_C.webp
Pokemon,9700,Honchkrow,A4,114,U,normal,9700,10009700,cPK_10_009700_00_DONGKARASU_U.webp
Pokemon,9710,Sneasel,A4,115,C,normal,9710,10009710,cPK_10_009710_00_NYULA_C.webp
Pokemon,9720,Weavile,A4,116,U,normal,9720,10009720,cPK_10_009720_00_MANYULA_U.webp
Pokemon,9730,Houndour,A4,117,C,normal,9730,10009730,cPK_10_009730_00_DELVIL_C.webp
Pokemon,9740,Houndoom,A4,118,U,normal,9740,10009740,cPK_10_009740_00_HELLGAR_U.webp
Pokemon,9750,Tyranitar,A4,119,R,normal,9750,10009750,cPK_10_009750_00_BANGIRAS_R.webp
Pokemon,9760,Absol,A4,120,U,normal,9760,10009760,cPK_10_009760_00_ABSOL_U.webp
Pokemon,9770,Forretress,A4,121,U,normal,9770,10009770,cPK_10_009770_00_FORETOS_U.webp
Pokemon,9780,Steelix,A4,122,R,normal,9780,10009780,cPK_10_009780_00_HAGANEIL_R.webp
Pokemon,9790,Scizor,A4,123,R,normal,9790,10009790,cPK_10_009790_00_HASSAM_R.webp
Pokemon,9800,Skarmory ex,A4,124,RR,normal,9800,10009800,cPK_10_009800_00_AIRMDex_RR.webp
Pokemon,9810,Mawile,A4,125,C,normal,9810,10009810,cPK_10_009810_00_KUCHEAT_C.webp
Pokemon,9820,Klink,A4,126,C,normal,9820,10009820,cPK_10_009820_00_GIARU_C.webp
Pokemon,9830,Klang,A4,127,U,normal,9830,10009830,cPK_10_009830_00_GIGIARU_U.webp
Pokemon,9840,Klinklang,A4,128,R,normal,9840,10009840,cPK_10_009840_00_GIGIGIARU_R.webp
Pokemon,9850,Spearow,A4,129,C,normal,9850,10009850,cPK_10_009850_00_ONISUZUME_C.webp
Pokemon,9860,Fearow,A4,130,C,normal,9860,10009860,cPK_10_009860_00_ONIDRILL_C.webp
Pokemon,9870,Chansey,A4,131,C,normal,9870,10009870,cPK_10_009870_00_LUCKY_C.webp
Pokemon,9880,Blissey,A4,132,R,normal,9880,10009880,cPK_10_009880_00_HAPPINAS_R.webp
Pokemon,9890,Kangaskhan,A4,133,R,normal,9890,10009890,cPK_10_009890_00_GARURA_R.webp
Pokemon,9900,Eevee,A4,134,C,normal,9900,10009900,cPK_10_009900_00_EIEVUI_C.webp
Pokemon,9910,Porygon,A4,135,C,normal,9910,10009910,cPK_10_009910_00_PORYGON_C.webp
Pokemon,9920,Porygon2,A4,136,U,normal,9920,10009920,cPK_10_009920_00_PORYGON2_U.webp
Pokemon,9930,Porygon-Z,A4,137,R,normal,9930,10009930,cPK_10_009930_00_PORYGON-Z_R.webp
Pokemon,9940,Sentret,A4,138,C,normal,9940,10009940,cPK_10_009940_00_OTACHI_C.webp
Pokemon,9950,Furret,A4,139,C,normal,9950,10009950,cPK_10_009950_00_OOTACHI_C.webp
Pokemon,9960,Hoothoot,A4,140,C,normal,9960,10009960,cPK_10_009960_00_HOHO_C.webp
Pokemon,9970,Noctowl,A4,141,C,normal,9970,10009970,cPK_10_009970_00_YORUNOZUKU_C.webp
Pokemon,9980,Aipom,A4,142,C,normal,9980,10009980,cPK_10_009980_00_EIPAM_C.webp
Pokemon,9990,Ambipom,A4,143,C,normal,9990,10009990,cPK_10_009990_00_ETEBOTH_C.webp
Pokemon,10000,Dunsparce,A4,144,C,normal,10000,10010000,cPK_10_010000_00_NOKOCCHI_C.webp
Pokemon,10010,Teddiursa,A4,145,C,normal,10010,10010010,cPK_10_010010_00_HIMEGUMA_C.webp
Pokemon,10020,Ursaring,A4,146,U,normal,10020,10010020,cPK_10_010020_00_RINGUMA_U.webp
Pokemon,10030,Stantler,A4,147,U,normal,10030,10010030,cPK_10_010030_00_ODOSHISHI_U.webp
Pokemon,10040,Smeargle,A4,148,U,normal,10040,10010040,cPK_10_010040_00_DOBLE_U.webp
Pokemon,10050,Lugia ex,A4,149,RR,normal,10050,10010050,cPK_10_010050_00_LUGIAex_RR.webp
Pokemon,10060,Bouffalant,A4,150,U,normal,10060,10010060,cPK_10_010060_00_BUFFRON_U.webp
Pokemon,10070,Horsea,PROMO-A,94,C,promo-only,10070,10010070,cPK_90_010070_00_TATTU_C.webp
Pokemon,10080,Chinchou,PROMO-A,95,C,promo-only,10080,10010080,cPK_90_010080_00_CHONCHIE_C.webp
Pokemon,10090,Blissey ex,PROMO-A,98,RR,promo-only,10090,10010090,cPK_90_010090_00_HAPPINASex_RR.webp
Pokemon,10100,Tropius,PROMO-A,102,C,promo-only,10100,10010100,cPK_90_010100_00_TROPIUS_C.webp
Pokemon,10110,Poliwag,PROMO-A,103,C,promo-only,10110,10010110,cPK_90_010110_00_NYOROMO_C.webp
Pokemon,10120,Milotic,A4a,22,R,normal,10120,10010120,cPK_10_010120_00_MILOKAROSS_R.webp
Pokemon,10130,Zorua,A4a,49,C,normal,10130,10010130,cPK_10_010130_00_ZORUA_C.webp
Pokemon,10140,Zoroark,A4a,50,R,normal,10140,10010140,cPK_10_010140_00_ZOROARK_R.webp
Pokemon,10150,Pikachu,PROMO-A,111,C,promo-only,10150,10010150,cPK_90_010150_00_PIKACHU_C.webp
Pokemon,10160,Raichu ex,PROMO-A,112,RR,promo-only,10160,10010160,cPK_90_010160_00_RAICHUex_RR.webp
Pokemon,10170,Machamp,PROMO-A,114,C,promo-only,10170,10010170,cPK_90_010170_00_KAIRIKY_C.webp
Pokemon,10180,Miltank,A4a,62,U,normal,10180,10010180,cPK_10_010180_00_MILTANK_U.webp
Pokemon,10190,Phanpy,A4a,43,C,normal,10190,10010190,cPK_10_010190_00_GOMAZOU_C.webp
Pokemon,10200,Latias,A4a,36,R,normal,10200,10010200,cPK_10_010200_00_LATIAS_R.webp
Pokemon,10210,Entei ex,A4a,10,RR,normal,10210,10010210,cPK_10_010210_00_ENTEIex_RR.webp
Pokemon,10220,Hoppip,A4a,1,C,normal,10220,10010220,cPK_10_010220_00_HANECCO_C.webp
Pokemon,10230,Skiploom,A4a,2,U,normal,10230,10010230,cPK_10_010230_00_POPOCCO_U.webp
Pokemon,10240,Jumpluff ex,A4a,3,RR,normal,10240,10010240,cPK_10_010240_00_WATACCOex_RR.webp
Pokemon,10250,Sunkern,A4a,4,C,normal,10250,10010250,cPK_10_010250_00_HIMANUTS_C.webp
Pokemon,10260,Sunflora,A4a,5,U,normal,10260,10010260,cPK_10_010260_00_KIMAWARI_U.webp
Pokemon,10270,Celebi,A4a,6,R,normal,10270,10010270,cPK_10_010270_00_CELEBI_R.webp
Pokemon,10280,Durant,A4a,7,C,normal,10280,10010280,cPK_10_010280_00_AIANT_C.webp
Pokemon,10290,Slugma,A4a,8,C,normal,10290,10010290,cPK_10_010290_00_MAGMAG_C.webp
Pokemon,10300,Magcargo,A4a,9,U,normal,10300,10010300,cPK_10_010300_00_MAGCARGOT_U.webp
Pokemon,10310,Fletchinder,A4a,11,C,normal,10310,10010310,cPK_10_010310_00_HINOYAKOMA_C.webp
Pokemon,10320,Talonflame,A4a,12,U,normal,10320,10010320,cPK_10_010320_00_FIARROW_U.webp
Pokemon,10330,Poliwag,A4a,13,C,normal,10330,10010330,cPK_10_010330_00_NYOROMO_C.webp
Pokemon,10340,Poliwhirl,A4a,14,U,normal,10340,10010340,cPK_10_010340_00_NYOROZO_U.webp
Pokemon,10350,Tentacool,A4a,15,C,normal,10350,10010350,cPK_10_010350_00_MENOKURAGE_C.webp
Pokemon,10360,Tentacruel,A4a,16,U,normal,10360,10010360,cPK_10_010360_00_DOKUKURAGE_U.webp
Pokemon,10370,Slowpoke,A4a,17,C,normal,10370,10010370,cPK_10_010370_00_YADON_C.webp
Pokemon,10380,Slowking,A4a,18,U,normal,10380,10010380,cPK_10_010380_00_YADOKING_U.webp
Pokemon,10390,Jynx,A4a,19,C,normal,10390,10010390,cPK_10_010390_00_ROUGELA_C.webp
Pokemon,10400,Suicune ex,A4a,20,RR,normal,10400,10010400,cPK_10_010400_00_SUICUNEex_RR.webp
Pokemon,10410,Feebas,A4a,21,C,normal,10410,10010410,cPK_10_010410_00_HINBASS_C.webp
Pokemon,10420,Mantyke,A4a,23,R,normal,10420,10010420,cPK_10_010420_00_TAMANTA_R.webp
Pokemon,10430,Cryogonal,A4a,24,C,normal,10430,10010430,cPK_10_010430_00_FREEGEO_C.webp
Pokemon,10440,Raikou ex,A4a,25,RR,normal,10440,10010440,cPK_10_010440_00_RAIKOUex_RR.webp
Pokemon,10450,Tynamo,A4a,26,C,normal,10450,10010450,cPK_10_010450_00_SHIBISHIRASU_C.webp
Pokemon,10460,Eelektrik,A4a,27,C,normal,10460,10010460,cPK_10_010460_00_SHIBIBEEL_C.webp
Pokemon,10470,Eelektross,A4a,28,U,normal,10470,10010470,cPK_10_010470_00_SHIBIRUDON_U.webp
Pokemon,10480,Stunfisk,A4a,29,C,normal,10480,10010480,cPK_10_010480_00_MAGGYO_C.webp
Pokemon,10490,Yamper,A4a,30,C,normal,10490,10010490,cPK_10_010490_00_WANPACHI_C.webp
Pokemon,10500,Boltund,A4a,31,R,normal,10500,10010500,cPK_10_010500_00_PULSEWAN_R.webp
Pokemon,10510,Misdreavus,A4a,32,C,normal,10510,10010510,cPK_10_010510_00_MUMA_C.webp
Pokemon,10520,Mismagius,A4a,33,U,normal,10520,10010520,cPK_10_010520_00_MUMARGI_U.webp
Pokemon,10530,Galarian Corsola,A4a,34,C,normal,10530,10010530,cPK_10_010530_00_GALARSUNNYGO_C.webp
Pokemon,10540,Galarian Cursola,A4a,35,R,normal,10540,10010540,cPK_10_010540_00_GALARSUNIGOON_R.webp
Pokemon,10550,Latios,A4a,37,R,normal,10550,10010550,cPK_10_010550_00_LATIOS_R.webp
Pokemon,10560,Frillish,A4a,38,C,normal,10560,10010560,cPK_10_010560_00_PURURILL_C.webp
Pokemon,10570,Jellicent,A4a,39,U,normal,10570,10010570,cPK_10_010570_00_BURUNGEL_U.webp
Pokemon,10580,Diglett,A4a,40,C,normal,10580,10010580,cPK_10_010580_00_DIGDA_C.webp
Pokemon,10590,Dugtrio,A4a,41,U,normal,10590,10010590,cPK_10_010590_00_DUGTRIO_U.webp
Pokemon,10600,Poliwrath ex,A4a,42,RR,normal,10600,10010600,cPK_10_010600_00_NYOROBONex_RR.webp
Pokemon,10610,Donphan,A4a,44,U,normal,10610,10010610,cPK_10_010610_00_DONFAN_U.webp
Pokemon,10620,Relicanth,A4a,45,C,normal,10620,10010620,cPK_10_010620_00_GLANTH_C.webp
Pokemon,10630,Dwebble,A4a,46,C,normal,10630,10010630,cPK_10_010630_00_ISHIZUMAI_C.webp
Pokemon,10640,Crustle,A4a,47,U,normal,10640,10010640,cPK_10_010640_00_IWAPALACE_U.webp
Pokemon,10650,Seviper,A4a,48,C,normal,10650,10010650,cPK_10_010650_00_HABUNAKE_C.webp
Pokemon,10660,Inkay,A4a,51,C,normal,10660,10010660,cPK_10_010660_00_MAAIIKA_C.webp
Pokemon,10670,Malamar,A4a,52,U,normal,10670,10010670,cPK_10_010670_00_CALAMANERO_U.webp
Pokemon,10680,Skrelp,A4a,53,C,normal,10680,10010680,cPK_10_010680_00_KUZUMO_C.webp
Pokemon,10690,Dragalge,A4a,54,C,normal,10690,10010690,cPK_10_010690_00_DRAMIDORO_C.webp
Pokemon,10700,Altaria,A4a,55,R,normal,10700,10010700,cPK_10_010700_00_TYLTALIS_R.webp
Pokemon,10710,Farfetch’d,A4a,56,C,normal,10710,10010710,cPK_10_010710_00_KAMONEGI_C.webp
Pokemon,10720,Lickitung,A4a,57,C,normal,10720,10010720,cPK_10_010720_00_BERORINGA_C.webp
Pokemon,10730,Lickilicky,A4a,58,U,normal,10730,10010730,cPK_10_010730_00_BEROBELT_U.webp
Pokemon,10740,Igglybuff,A4a,59,R,normal,10740,10010740,cPK_10_010740_00_PUPURIN_R.webp
Pokemon,10750,Teddiursa,A4a,60,C,normal,10750,10010750,cPK_10_010750_00_HIMEGUMA_C.webp
Pokemon,10760,Ursaring,A4a,61,U,normal,10760,10010760,cPK_10_010760_00_RINGUMA_U.webp
Pokemon,10770,Azurill,A4a,63,R,normal,10770,10010770,cPK_10_010770_00_RURIRI_R.webp
Pokemon,10780,Swablu,A4a,64,C,normal,10780,10010780,cPK_10_010780_00_TYLTTO_C.webp
Pokemon,10790,Zangoose,A4a,65,U,normal,10790,10010790,cPK_10_010790_00_ZANGOOSE_U.webp
Pokemon,10800,Fletchling,A4a,66,C,normal,10800,10010800,cPK_10_010800_00_YAYAKOMA_C.webp
Pokemon,10810,Rayquaza,PROMO-A,63,R,promo-only,10810,10010810,cPK_90_010810_00_RAYQUAZA_R.webp
Pokemon,10820,Rayquaza ex,PROMO-A,64,RR,promo-only,10820,10010820,cPK_90_010820_00_RAYQUAZAex_RR.webp
Pokemon,10830,Pinsir,B1,1,C,normal,10830,10010830,cPK_10_010830_00_KAILIOS_C.webp
Pokemon,10840,Mega Pinsir ex,B1,2,RR,normal,10840,10010840,cPK_10_010840_00_MEGAKAILIOSex_RR.webp
Pokemon,10850,Wurmple,B1,3,C,normal,10850,10010850,cPK_10_010850_00_KEMUSSO_C.webp
Pokemon,10860,Silcoon,B1,4,C,normal,10860,10010860,cPK_10_010860_00_KARASALIS_C.webp
Pokemon,10870,Beautifly,B1,5,R,normal,10870,10010870,cPK_10_010870_00_AGEHUNT_R.webp
Pokemon,10880,Cascoon,B1,6,C,normal,10880,10010880,cPK_10_010880_00_MAYULD_C.webp
Pokemon,10890,Dustox,B1,7,R,normal,10890,10010890,cPK_10_010890_00_DOKUCALE_R.webp
Pokemon,10900,Seedot,B1,8,C,normal,10900,10010900,cPK_10_010900_00_TANEBOH_C.webp
Pokemon,10910,Nuzleaf,B1,9,U,normal,10910,10010910,cPK_10_010910_00_KONOHANA_U.webp
Pokemon,10920,Shiftry,B1,10,R,normal,10920,10010920,cPK_10_010920_00_DIRTENG_R.webp
Pokemon,10930,Shroomish,B1,11,C,normal,10930,10010930,cPK_10_010930_00_KINOCOCO_C.webp
Pokemon,10940,Breloom,B1,12,U,normal,10940,10010940,cPK_10_010940_00_KINOGASSA_U.webp
Pokemon,10950,Pansage,B1,13,C,normal,10950,10010950,cPK_10_010950_00_YANAPPU_C.webp
Pokemon,10960,Simisage,B1,14,C,normal,10960,10010960,cPK_10_010960_00_YANAKKIE_C.webp
Pokemon,10970,Cottonee,B1,15,C,normal,10970,10010970,cPK_10_010970_00_MONMEN_C.webp
Pokemon,10980,Whimsicott ex,B1,16,RR,normal,10980,10010980,cPK_10_010980_00_ELFUUNex_RR.webp
Pokemon,10990,Petilil,B1,17,C,normal,10990,10010990,cPK_10_010990_00_CHURINE_C.webp
Pokemon,11000,Lilligant,B1,18,R,normal,11000,10011000,cPK_10_011000_00_DREDEAR_R.webp
Pokemon,11010,Maractus,B1,19,C,normal,11010,10011010,cPK_10_011010_00_MARACACCHI_C.webp
Pokemon,11020,Virizion,B1,20,R,normal,11020,10011020,cPK_10_011020_00_VIRIZION_R.webp
Pokemon,11030,Skiddo,B1,21,C,normal,11030,10011030,cPK_10_011030_00_MEECLE_C.webp
Pokemon,11040,Gogoat,B1,22,C,normal,11040,10011040,cPK_10_011040_00_GOGOAT_C.webp
Pokemon,11050,Phantump,B1,23,C,normal,11050,10011050,cPK_10_011050_00_BOKUREI_C.webp
Pokemon,11060,Trevenant,B1,24,U,normal,11060,10011060,cPK_10_011060_00_OHROT_U.webp
Pokemon,11070,Grookey,B1,25,C,normal,11070,10011070,cPK_10_011070_00_SARUNORI_C.webp
Pokemon,11080,Thwackey,B1,26,U,normal,11080,10011080,cPK_10_011080_00_BACHINKEY_U.webp
Pokemon,11090,Rillaboom,B1,27,R,normal,11090,10011090,cPK_10_011090_00_GORIRANDER_R.webp
Pokemon,11100,Growlithe,B1,28,C,normal,11100,10011100,cPK_10_011100_00_GARDIE_C.webp
Pokemon,11110,Arcanine,B1,29,U,normal,11110,10011110,cPK_10_011110_00_WINDIE_U.webp
Pokemon,11120,Ponyta,B1,30,C,normal,11120,10011120,cPK_10_011120_00_PONYTA_C.webp
Pokemon,11130,Rapidash ex,B1,31,RR,normal,11130,10011130,cPK_10_011130_00_GALLOPex_RR.webp
Pokemon,11140,Ho-Oh,B1,32,R,normal,11140,10011140,cPK_10_011140_00_HOUOU_R.webp
Pokemon,11150,Torchic,B1,33,C,normal,11150,10011150,cPK_10_011150_00_ACHAMO_C.webp
Pokemon,11160,Combusken,B1,34,U,normal,11160,10011160,cPK_10_011160_00_WAKASYAMO_U.webp
Pokemon,11170,Blaziken,B1,35,R,normal,11170,10011170,cPK_10_011170_00_BURSYAMO_R.webp
Pokemon,11180,Mega Blaziken ex,B1,36,RR,normal,11180,10011180,cPK_10_011180_00_MEGABURSYAMOex_RR.webp
Pokemon,11190,Pansear,B1,37,C,normal,11190,10011190,cPK_10_011190_00_BAOPPU_C.webp
Pokemon,11200,Simisear,B1,38,C,normal,11200,10011200,cPK_10_011200_00_BAOKKIE_C.webp
Pokemon,11210,Darumaka,B1,39,C,normal,11210,10011210,cPK_10_011210_00_DARUMAKKA_C.webp
Pokemon,11220,Darmanitan,B1,40,U,normal,11220,10011220,cPK_10_011220_00_HIHIDARUMA_U.webp
Pokemon,11230,Litwick,B1,41,C,normal,11230,10011230,cPK_10_011230_00_HITOMOSHI_C.webp
Pokemon,11240,Lampent,B1,42,U,normal,11240,10011240,cPK_10_011240_00_LAMPLER_U.webp
Pokemon,11250,Chandelure,B1,43,R,normal,11250,10011250,cPK_10_011250_00_CHANDELA_R.webp
Pokemon,11260,Heatmor,B1,44,C,normal,11260,10011260,cPK_10_011260_00_KUITARAN_C.webp
Pokemon,11270,Litleo,B1,45,C,normal,11270,10011270,cPK_10_011270_00_SHISHIKO_C.webp
Pokemon,11280,Pyroar,B1,46,R,normal,11280,10011280,cPK_10_011280_00_KAENJISHI_R.webp
Pokemon,11290,Turtonator,B1,47,U,normal,11290,10011290,cPK_10_011290_00_BAKUGAMES_U.webp
Pokemon,11300,Psyduck,B1,48,C,normal,11300,10011300,cPK_10_011300_00_KODUCK_C.webp
Pokemon,11310,Golduck,B1,49,C,normal,11310,10011310,cPK_10_011310_00_GOLDUCK_C.webp
Pokemon,11320,Magikarp,B1,50,C,normal,11320,10011320,cPK_10_011320_00_KOIKING_C.webp
Pokemon,11330,Gyarados,B1,51,R,normal,11330,10011330,cPK_10_011330_00_GYARADOS_R.webp
Pokemon,11340,Mega Gyarados ex,B1,52,RR,normal,11340,10011340,cPK_10_011340_00_MEGAGYARADOSex_RR.webp
Pokemon,11350,Lotad,B1,53,C,normal,11350,10011350,cPK_10_011350_00_HASSBOH_C.webp
Pokemon,11360,Lombre,B1,54,U,normal,11360,10011360,cPK_10_011360_00_HASUBRERO_U.webp
Pokemon,11370,Ludicolo,B1,55,R,normal,11370,10011370,cPK_10_011370_00_RUNPAPPA_R.webp
Pokemon,11380,Wailmer,B1,56,C,normal,11380,10011380,cPK_10_011380_00_HOERUKO_C.webp
Pokemon,11390,Wailord,B1,57,R,normal,11390,10011390,cPK_10_011390_00_WHALOH_R.webp
Pokemon,11400,Corphish,B1,58,C,normal,11400,10011400,cPK_10_011400_00_HEIGANI_C.webp
Pokemon,11410,Crawdaunt,B1,59,U,normal,11410,10011410,cPK_10_011410_00_SHIZARIGER_U.webp
Pokemon,11420,Luvdisc,B1,60,C,normal,11420,10011420,cPK_10_011420_00_LOVECUS_C.webp
Pokemon,11430,Panpour,B1,61,C,normal,11430,10011430,cPK_10_011430_00_HIYAPPU_C.webp
Pokemon,11440,Simipour,B1,62,C,normal,11440,10011440,cPK_10_011440_00_HIYAKKIE_C.webp
Pokemon,11450,Tympole,B1,63,C,normal,11450,10011450,cPK_10_011450_00_OTAMARO_C.webp
Pokemon,11460,Palpitoad,B1,64,C,normal,11460,10011460,cPK_10_011460_00_GAMAGARU_C.webp
Pokemon,11470,Seismitoad,B1,65,U,normal,11470,10011470,cPK_10_011470_00_GAMAGEROGE_U.webp
Pokemon,11480,Tirtouga,B1,66,U,normal,11480,10011480,cPK_10_011480_00_PROTOGA_U.webp
Pokemon,11490,Carracosta,B1,67,R,normal,11490,10011490,cPK_10_011490_00_ABAGOURA_R.webp
Pokemon,11500,Frillish,B1,68,C,normal,11500,10011500,cPK_10_011500_00_PURURILL_C.webp
Pokemon,11510,Jellicent,B1,69,R,normal,11510,10011510,cPK_10_011510_00_BURUNGEL_R.webp
Pokemon,11520,Keldeo,B1,70,R,normal,11520,10011520,cPK_10_011520_00_KELDEOITSUMONOSUGATA_R.webp
Pokemon,11530,Froakie,B1,71,C,normal,11530,10011530,cPK_10_011530_00_KEROMATSU_C.webp
Pokemon,11540,Frogadier,B1,72,U,normal,11540,10011540,cPK_10_011540_00_GEKOGASHIRA_U.webp
Pokemon,11550,Greninja ex,B1,73,RR,normal,11550,10011550,cPK_10_011550_00_GEKKOUGAex_RR.webp
Pokemon,11560,Bergmite,B1,74,C,normal,11560,10011560,cPK_10_011560_00_KACHIKOHRU_C.webp
Pokemon,11570,Avalugg,B1,75,U,normal,11570,10011570,cPK_10_011570_00_CREBASE_U.webp
Pokemon,11580,Chewtle,B1,76,C,normal,11580,10011580,cPK_10_011580_00_KAMUKAME_C.webp
Pokemon,11590,Drednaw,B1,77,U,normal,11590,10011590,cPK_10_011590_00_KAJIRIGAME_U.webp
Pokemon,11600,Arrokuda,B1,78,C,normal,11600,10011600,cPK_10_011600_00_SASIKAMASU_C.webp
Pokemon,11610,Barraskewda,B1,79,U,normal,11610,10011610,cPK_10_011610_00_KAMASUJAW_U.webp
Pokemon,11620,Eiscue,B1,80,R,normal,11620,10011620,cPK_10_011620_00_KORIPPO_R.webp
Pokemon,11630,Jolteon ex,B1,81,RR,normal,11630,10011630,cPK_10_011630_00_THUNDERSex_RR.webp
Pokemon,11640,Mareep,B1,82,C,normal,11640,10011640,cPK_10_011640_00_MERRIEP_C.webp
Pokemon,11650,Flaaffy,B1,83,U,normal,11650,10011650,cPK_10_011650_00_MOKOKO_U.webp
Pokemon,11660,Ampharos,B1,84,R,normal,11660,10011660,cPK_10_011660_00_DENRYU_R.webp
Pokemon,11670,Mega Ampharos ex,B1,85,RR,normal,11670,10011670,cPK_10_011670_00_MEGADENRYUex_RR.webp
Pokemon,11680,Shinx,B1,86,C,normal,11680,10011680,cPK_10_011680_00_KOLINK_C.webp
Pokemon,11690,Luxio,B1,87,U,normal,11690,10011690,cPK_10_011690_00_LUXIO_U.webp
Pokemon,11700,Luxray,B1,88,R,normal,11700,10011700,cPK_10_011700_00_RENTORAR_R.webp
Pokemon,11710,Pachirisu,B1,89,C,normal,11710,10011710,cPK_10_011710_00_PACHIRISU_C.webp
Pokemon,11720,Blitzle,B1,90,C,normal,11720,10011720,cPK_10_011720_00_SHIMAMA_C.webp
Pokemon,11730,Zebstrika,B1,91,U,normal,11730,10011730,cPK_10_011730_00_ZEBRAIKA_U.webp
Pokemon,11740,Joltik,B1,92,C,normal,11740,10011740,cPK_10_011740_00_BACHURU_C.webp
Pokemon,11750,Galvantula,B1,93,U,normal,11750,10011750,cPK_10_011750_00_DENTULA_U.webp
Pokemon,11760,Dedenne,B1,94,C,normal,11760,10011760,cPK_10_011760_00_DEDENNE_C.webp
Pokemon,11770,Yamper,B1,95,C,normal,11770,10011770,cPK_10_011770_00_WANPACHI_C.webp
Pokemon,11780,Boltund,B1,96,U,normal,11780,10011780,cPK_10_011780_00_PULSEWAN_U.webp
Pokemon,11790,Natu,B1,97,C,normal,11790,10011790,cPK_10_011790_00_NATY_C.webp
Pokemon,11800,Xatu,B1,98,U,normal,11800,10011800,cPK_10_011800_00_NATIO_U.webp
Pokemon,11810,Misdreavus,B1,99,C,normal,11810,10011810,cPK_10_011810_00_MUMA_C.webp
Pokemon,11820,Mismagius,B1,100,U,normal,11820,10011820,cPK_10_011820_00_MUMARGI_U.webp
Pokemon,11830,Sableye,B1,101,C,normal,11830,10011830,cPK_10_011830_00_YAMIRAMI_C.webp
Pokemon,11840,Mega Altaria ex,B1,102,RR,normal,11840,10011840,cPK_10_011840_00_MEGATYLTALISex_RR.webp
Pokemon,11850,Duskull,B1,103,C,normal,11850,10011850,cPK_10_011850_00_YOMAWARU_C.webp
Pokemon,11860,Dusclops,B1,104,U,normal,11860,10011860,cPK_10_011860_00_SAMAYOURU_U.webp
Pokemon,11870,Dusknoir,B1,105,R,normal,11870,10011870,cPK_10_011870_00_YONOIR_R.webp
Pokemon,11880,Jirachi,B1,106,R,normal,11880,10011880,cPK_10_011880_00_JIRACHI_R.webp
Pokemon,11890,Drifloon,B1,107,C,normal,11890,10011890,cPK_10_011890_00_FUWANTE_C.webp
Pokemon,11900,Drifblim,B1,108,U,normal,11900,10011900,cPK_10_011900_00_FUWARIDE_U.webp
Pokemon,11910,Chingling,B1,109,R,normal,11910,10011910,cPK_10_011910_00_LISYAN_R.webp
Pokemon,11920,Yamask,B1,110,C,normal,11920,10011920,cPK_10_011920_00_DESUMASU_C.webp
Pokemon,11930,Cofagrigus,B1,111,R,normal,11930,10011930,cPK_10_011930_00_DESUKARN_R.webp
Pokemon,11940,Gothita,B1,112,C,normal,11940,10011940,cPK_10_011940_00_GOTHIMU_C.webp
Pokemon,11950,Gothorita,B1,113,U,normal,11950,10011950,cPK_10_011950_00_GOTHIMIRU_U.webp
Pokemon,11960,Gothitelle,B1,114,R,normal,11960,10011960,cPK_10_011960_00_GOTHIRUSELLE_R.webp
Pokemon,11970,Spritzee,B1,115,C,normal,11970,10011970,cPK_10_011970_00_SHUSHUPU_C.webp
Pokemon,11980,Aromatisse,B1,116,U,normal,11980,10011980,cPK_10_011980_00_FREFUWAN_U.webp
Pokemon,11990,Swirlix,B1,117,C,normal,11990,10011990,cPK_10_011990_00_PEROPPAFU_C.webp
Pokemon,12000,Slurpuff,B1,118,U,normal,12000,10012000,cPK_10_012000_00_PEROREAM_U.webp
Pokemon,12010,Carbink,B1,119,C,normal,12010,10012010,cPK_10_012010_00_MELECIE_C.webp
Pokemon,12020,Klefki,B1,120,R,normal,12020,10012020,cPK_10_012020_00_CLEFFY_R.webp
Pokemon,12030,Indeedee ex,B1,121,RR,normal,12030,10012030,cPK_10_012030_00_YESSANMESUNOSUGATA_RR.webp
Pokemon,12040,Sandshrew,B1,122,C,normal,12040,10012040,cPK_10_012040_00_SAND_C.webp
Pokemon,12050,Sandslash,B1,123,U,normal,12050,10012050,cPK_10_012050_00_SANDPAN_U.webp
Pokemon,12060,Hitmonchan ex,B1,124,RR,normal,12060,10012060,cPK_10_012060_00_EBIWALARex_RR.webp
Pokemon,12070,Sudowoodo,B1,125,C,normal,12070,10012070,cPK_10_012070_00_USOKKIE_C.webp
Pokemon,12080,Makuhita,B1,126,C,normal,12080,10012080,cPK_10_012080_00_MAKUNOSHITA_C.webp
Pokemon,12090,Hariyama,B1,127,U,normal,12090,10012090,cPK_10_012090_00_HARITEYAMA_U.webp
Pokemon,12100,Hippopotas,B1,128,C,normal,12100,10012100,cPK_10_012100_00_HIPPOPOTAS_C.webp
Pokemon,12110,Hippowdon,B1,129,U,normal,12110,10012110,cPK_10_012110_00_KABALDON_U.webp
Pokemon,12120,Sandile,B1,130,C,normal,12120,10012120,cPK_10_012120_00_MEGUROCO_C.webp
Pokemon,12130,Krokorok,B1,131,U,normal,12130,10012130,cPK_10_012130_00_WARUVILE_U.webp
Pokemon,12140,Krookodile,B1,132,R,normal,12140,10012140,cPK_10_012140_00_WARUVIAL_R.webp
Pokemon,12150,Archen,B1,133,U,normal,12150,10012150,cPK_10_012150_00_ARCHEN_U.webp
Pokemon,12160,Archeops,B1,134,R,normal,12160,10012160,cPK_10_012160_00_ARCHEOS_R.webp
Pokemon,12170,Golett,B1,135,C,normal,12170,10012170,cPK_10_012170_00_GOBIT_C.webp
Pokemon,12180,Golurk,B1,136,R,normal,12180,10012180,cPK_10_012180_00_GOLOOG_R.webp
Pokemon,12190,Terrakion,B1,137,R,normal,12190,10012190,cPK_10_012190_00_TERRAKION_R.webp
Pokemon,12200,Pancham,B1,138,C,normal,12200,10012200,cPK_10_012200_00_YANCHAM_C.webp
Pokemon,12210,Crabrawler,B1,139,C,normal,12210,10012210,cPK_10_012210_00_MAKENKANI_C.webp
Pokemon,12220,Crabominable,B1,140,U,normal,12220,10012220,cPK_10_012220_00_KEKENKANI_U.webp
Pokemon,12230,Stufful,B1,141,C,normal,12230,10012230,cPK_10_012230_00_NUIKOGUMA_C.webp
Pokemon,12240,Bewear,B1,142,U,normal,12240,10012240,cPK_10_012240_00_KITERUGUMA_U.webp
Pokemon,12250,Sandygast,B1,143,C,normal,12250,10012250,cPK_10_012250_00_SUNABA_C.webp
Pokemon,12260,Palossand,B1,144,U,normal,12260,10012260,cPK_10_012260_00_SIRODETHNA_U.webp
Pokemon,12270,Rolycoly,B1,145,C,normal,12270,10012270,cPK_10_012270_00_TANDON_C.webp
Pokemon,12280,Carkol,B1,146,U,normal,12280,10012280,cPK_10_012280_00_TOROGGON_U.webp
Pokemon,12290,Coalossal,B1,147,R,normal,12290,10012290,cPK_10_012290_00_SEKITANZAN_R.webp
Pokemon,12300,Murkrow,B1,148,C,normal,12300,10012300,cPK_10_012300_00_YAMIKARASU_C.webp
Pokemon,12310,Honchkrow,B1,149,R,normal,12310,10012310,cPK_10_012310_00_DONGKARASU_R.webp
Pokemon,12320,Absol,B1,150,U,normal,12320,10012320,cPK_10_012320_00_ABSOL_U.webp
Pokemon,12330,Mega Absol ex,B1,151,RR,normal,12330,10012330,cPK_10_012330_00_MEGAABSOLex_RR.webp
Pokemon,12340,Skorupi,B1,152,C,normal,12340,10012340,cPK_10_012340_00_SCORUPI_C.webp
Pokemon,12350,Drapion,B1,153,U,normal,12350,10012350,cPK_10_012350_00_DORAPION_U.webp
Pokemon,12360,Darkrai,B1,154,R,normal,12360,10012360,cPK_10_012360_00_DARKRAI_R.webp
Pokemon,12370,Deino,B1,155,C,normal,12370,10012370,cPK_10_012370_00_MONOZU_C.webp
Pokemon,12380,Zweilous,B1,156,U,normal,12380,10012380,cPK_10_012380_00_DIHEAD_U.webp
Pokemon,12390,Hydreigon,B1,157,R,normal,12390,10012390,cPK_10_012390_00_SAZANDORA_R.webp
Pokemon,12400,Pangoro,B1,158,R,normal,12400,10012400,cPK_10_012400_00_GORONDA_R.webp
Pokemon,12410,Skrelp,B1,159,C,normal,12410,10012410,cPK_10_012410_00_KUZUMO_C.webp
Pokemon,12420,Dragalge ex,B1,160,RR,normal,12420,10012420,cPK_10_012420_00_DRAMIDOROex_RR.webp
Pokemon,12430,Mareanie,B1,161,C,normal,12430,10012430,cPK_10_012430_00_HIDOIDE_C.webp
Pokemon,12440,Toxapex,B1,162,U,normal,12440,10012440,cPK_10_012440_00_DOHIDOIDE_U.webp
Pokemon,12450,Impidimp,B1,163,C,normal,12450,10012450,cPK_10_012450_00_BEROBA_C.webp
Pokemon,12460,Morgrem,B1,164,U,normal,12460,10012460,cPK_10_012460_00_GIMOH_U.webp
Pokemon,12470,Grimmsnarl,B1,165,R,normal,12470,10012470,cPK_10_012470_00_OHLONGE_R.webp
Pokemon,12480,Ferroseed,B1,166,C,normal,12480,10012480,cPK_10_012480_00_TESSEED_C.webp
Pokemon,12490,Ferrothorn,B1,167,U,normal,12490,10012490,cPK_10_012490_00_NUTREY_U.webp
Pokemon,12500,Durant,B1,168,C,normal,12500,10012500,cPK_10_012500_00_AIANT_C.webp
Pokemon,12510,Cobalion,B1,169,R,normal,12510,10012510,cPK_10_012510_00_COBALON_R.webp
Pokemon,12520,Honedge,B1,170,C,normal,12520,10012520,cPK_10_012520_00_HITOTSUKI_C.webp
Pokemon,12530,Doublade,B1,171,U,normal,12530,10012530,cPK_10_012530_00_NIDANGILL_U.webp
Pokemon,12540,Aegislash,B1,172,R,normal,12540,10012540,cPK_10_012540_00_GILLGARDBLADEFORME_R.webp
Pokemon,12550,Meltan,B1,173,C,normal,12550,10012550,cPK_10_012550_00_MELTAN_C.webp
Pokemon,12560,Melmetal ex,B1,174,RR,normal,12560,10012560,cPK_10_012560_00_MELMETALex_RR.webp
Pokemon,12570,Corviknight,B1,175,R,normal,12570,10012570,cPK_10_012570_00_ARMORGA_R.webp
Pokemon,12580,Druddigon,B1,176,C,normal,12580,10012580,cPK_10_012580_00_CRIMGAN_C.webp
Pokemon,12590,Goomy,B1,177,C,normal,12590,10012590,cPK_10_012590_00_NUMERA_C.webp
Pokemon,12600,Sliggoo,B1,178,U,normal,12600,10012600,cPK_10_012600_00_NUMEIL_U.webp
Pokemon,12610,Goodra,B1,179,R,normal,12610,10012610,cPK_10_012610_00_NUMELGON_R.webp
Pokemon,12620,Pidgey,B1,180,C,normal,12620,10012620,cPK_10_012620_00_POPPO_C.webp
Pokemon,12630,Pidgeotto,B1,181,C,normal,12630,10012630,cPK_10_012630_00_PIGEON_C.webp
Pokemon,12640,Pidgeot,B1,182,U,normal,12640,10012640,cPK_10_012640_00_PIGEOT_U.webp
Pokemon,12650,Tauros ex,B1,183,RR,normal,12650,10012650,cPK_10_012650_00_KENTAUROSex_RR.webp
Pokemon,12660,Eevee,B1,184,C,normal,12660,10012660,cPK_10_012660_00_EIEVUI_C.webp
Pokemon,12670,Aipom,B1,185,C,normal,12670,10012670,cPK_10_012670_00_EIPAM_C.webp
Pokemon,12680,Ambipom,B1,186,U,normal,12680,10012680,cPK_10_012680_00_ETEBOTH_U.webp
Pokemon,12690,Miltank,B1,187,C,normal,12690,10012690,cPK_10_012690_00_MILTANK_C.webp
Pokemon,12700,Zigzagoon,B1,188,C,normal,12700,10012700,cPK_10_012700_00_JIGUZAGUMA_C.webp
Pokemon,12710,Linoone,B1,189,U,normal,12710,10012710,cPK_10_012710_00_MASSUGUMA_U.webp
Pokemon,12720,Whismur,B1,190,C,normal,12720,10012720,cPK_10_012720_00_GONYONYO_C.webp
Pokemon,12730,Loudred,B1,191,C,normal,12730,10012730,cPK_10_012730_00_DOGOHMB_C.webp
Pokemon,12740,Exploud,B1,192,R,normal,12740,10012740,cPK_10_012740_00_BAKUONG_R.webp
Pokemon,12750,Skitty,B1,193,C,normal,12750,10012750,cPK_10_012750_00_ENECO_C.webp
Pokemon,12760,Delcatty,B1,194,R,normal,12760,10012760,cPK_10_012760_00_ENEKORORO_R.webp
Pokemon,12770,Spinda,B1,195,C,normal,12770,10012770,cPK_10_012770_00_PATCHEEL_C.webp
Pokemon,12780,Swablu,B1,196,C,normal,12780,10012780,cPK_10_012780_00_TYLTTO_C.webp
Pokemon,12790,Altaria,B1,197,R,normal,12790,10012790,cPK_10_012790_00_TYLTALIS_R.webp
Pokemon,12800,Chatot,B1,198,C,normal,12800,10012800,cPK_10_012800_00_PERAP_C.webp
Pokemon,12810,Patrat,B1,199,C,normal,12810,10012810,cPK_10_012810_00_MINEZUMI_C.webp
Pokemon,12820,Watchog,B1,200,U,normal,12820,10012820,cPK_10_012820_00_MIRUHOG_U.webp
Pokemon,12830,Lillipup,B1,201,C,normal,12830,10012830,cPK_10_012830_00_YORTERRIE_C.webp
Pokemon,12840,Herdier,B1,202,U,normal,12840,10012840,cPK_10_012840_00_HERDERRIE_U.webp
Pokemon,12850,Stoutland,B1,203,R,normal,12850,10012850,cPK_10_012850_00_MOOLAND_R.webp
Pokemon,12860,Rufflet,B1,204,C,normal,12860,10012860,cPK_10_012860_00_WASHIBON_C.webp
Pokemon,12870,Braviary,B1,205,U,normal,12870,10012870,cPK_10_012870_00_WARRGLE_U.webp
Pokemon,12880,Furfrou,B1,206,U,normal,12880,10012880,cPK_10_012880_00_TRIMMIENYASEINOSUGATA_U.webp
Pokemon,12890,Rookidee,B1,209,C,normal,12890,10012890,cPK_10_012890_00_KOKOGARA_C.webp
Pokemon,12900,Corvisquire,B1,210,U,normal,12900,10012900,cPK_10_012900_00_AOGARASU_U.webp
Pokemon,12910,Wooloo,B1,211,C,normal,12910,10012910,cPK_10_012910_00_WOOLUU_C.webp
Pokemon,12920,Dubwool,B1,212,U,normal,12920,10012920,cPK_10_012920_00_BAIWOOLUU_U.webp
Pokemon,12930,Petilil,PROMO-B,2,C,promo-only,12930,10012930,cPK_90_012930_00_CHURINE_C.webp
Pokemon,12940,Froakie,PROMO-B,3,C,promo-only,12940,10012940,cPK_90_012940_00_KEROMATSU_C.webp
Pokemon,12950,Mega Pidgeot ex,PROMO-B,6,RR,promo-only,12950,10012950,cPK_90_012950_00_MEGAPIGEOTex_RR.webp
Pokemon,12960,Magikarp,PROMO-B,14,C,promo-only,12960,10012960,cPK_90_012960_00_KOIKING_C.webp
Pokemon,12970,Swablu,PROMO-B,17,C,promo-only,12970,10012970,cPK_90_012970_00_TYLTTO_C.webp
Pokemon,12980,Charmeleon,B1a,12,U,normal,12980,10012980,cPK_10_012980_00_LIZARDO_U.webp
Pokemon,12990,Onix,PROMO-B,21,C,promo-only,12990,10012990,cPK_90_012990_00_IWARK_C.webp
Pokemon,13000,Hawlucha,PROMO-B,22,C,promo-only,13000,10013000,cPK_90_013000_00_LUCHABULL_C.webp
Pokemon,13010,Genesect,B1a,54,R,normal,13010,10013010,cPK_10_013010_00_GENESECT_R.webp
Pokemon,13020,Mega Latios ex,PROMO-B,24,RR,promo-only,13020,10013020,cPK_90_013020_00_MEGALATIOSex_RR.webp
Pokemon,13030,Heliolisk,B1a,29,U,normal,13030,10013030,cPK_10_013030_00_ELEZARD_U.webp
Pokemon,13040,Buneary,B1a,62,C,normal,13040,10013040,cPK_10_013040_00_MIMIROL_C.webp
Pokemon,13060,Ditto,B1a,55,U,normal,13060,10013060,cPK_10_013060_00_METAMON_U.webp
Pokemon,13070,Bulbasaur,B1a,1,C,normal,13070,10013070,cPK_10_013070_00_FUSHIGIDANE_C.webp
Pokemon,13080,Ivysaur,B1a,2,U,normal,13080,10013080,cPK_10_013080_00_FUSHIGISOU_U.webp
Pokemon,13090,Venusaur,B1a,3,R,normal,13090,10013090,cPK_10_013090_00_FUSHIGIBANA_R.webp
Pokemon,13100,Mega Venusaur ex,B1a,4,RR,normal,13100,10013100,cPK_10_013100_00_MEGAFUSHIGIBANAex_RR.webp
Pokemon,13110,Spinarak,B1a,5,C,normal,13110,10013110,cPK_10_013110_00_ITOMARU_C.webp
Pokemon,13120,Ariados,B1a,6,U,normal,13120,10013120,cPK_10_013120_00_ARIADOS_U.webp
Pokemon,13130,Sunkern,B1a,7,C,normal,13130,10013130,cPK_10_013130_00_HIMANUTS_C.webp
Pokemon,13140,Sunflora,B1a,8,U,normal,13140,10013140,cPK_10_013140_00_KIMAWARI_U.webp
Pokemon,13150,Burmy,B1a,9,C,normal,13150,10013150,cPK_10_013150_00_MINOMUCCHI_C.webp
Pokemon,13160,Mothim,B1a,10,C,normal,13160,10013160,cPK_10_013160_00_GAMALE_C.webp
Pokemon,13170,Charmander,B1a,11,C,normal,13170,10013170,cPK_10_013170_00_HITOKAGE_C.webp
Pokemon,13180,Charizard,B1a,13,R,normal,13180,10013180,cPK_10_013180_00_LIZARDON_R.webp
Pokemon,13190,Mega Charizard Y ex,B1a,14,RR,normal,13190,10013190,cPK_10_013190_00_MEGALIZARDONYex_RR.webp
Pokemon,13200,Houndour,B1a,15,C,normal,13200,10013200,cPK_10_013200_00_DELVIL_C.webp
Pokemon,13210,Houndoom,B1a,16,C,normal,13210,10013210,cPK_10_013210_00_HELLGAR_C.webp
Pokemon,13220,Squirtle,B1a,17,C,normal,13220,10013220,cPK_10_013220_00_ZENIGAME_C.webp
Pokemon,13230,Wartortle,B1a,18,U,normal,13230,10013230,cPK_10_013230_00_KAMEIL_U.webp
Pokemon,13240,Blastoise,B1a,19,R,normal,13240,10013240,cPK_10_013240_00_KAMEX_R.webp
Pokemon,13250,Mega Blastoise ex,B1a,20,RR,normal,13250,10013250,cPK_10_013250_00_MEGAKAMEXex_RR.webp
Pokemon,13260,Basculin,B1a,21,C,normal,13260,10013260,cPK_10_013260_00_BASSRAOAKASUJINOSUGATA_C.webp
Pokemon,13270,Clauncher,B1a,22,C,normal,13270,10013270,cPK_10_013270_00_UDEPPOU_C.webp
Pokemon,13280,Clawitzer,B1a,23,U,normal,13280,10013280,cPK_10_013280_00_BLOSTER_U.webp
Pokemon,13290,Magnemite,B1a,24,C,normal,13290,10013290,cPK_10_013290_00_COIL_C.webp
Pokemon,13300,Magneton,B1a,25,U,normal,13300,10013300,cPK_10_013300_00_RARECOIL_U.webp
Pokemon,13310,Magnezone,B1a,26,R,normal,13310,10013310,cPK_10_013310_00_JIBACOIL_R.webp
Pokemon,13320,Emolga,B1a,27,C,normal,13320,10013320,cPK_10_013320_00_EMOLGA_C.webp
Pokemon,13330,Helioptile,B1a,28,C,normal,13330,10013330,cPK_10_013330_00_ERIKITERU_C.webp
Pokemon,13340,Misdreavus,B1a,30,C,normal,13340,10013340,cPK_10_013340_00_MUMA_C.webp
Pokemon,13350,Mismagius,B1a,31,U,normal,13350,10013350,cPK_10_013350_00_MUMARGI_U.webp
Pokemon,13360,Solosis,B1a,32,C,normal,13360,10013360,cPK_10_013360_00_UNIRAN_C.webp
Pokemon,13370,Duosion,B1a,33,C,normal,13370,10013370,cPK_10_013370_00_DOUBLAN_C.webp
Pokemon,13380,Reuniclus,B1a,34,R,normal,13380,10013380,cPK_10_013380_00_LANCULUS_R.webp
Pokemon,13390,Spritzee,B1a,35,C,normal,13390,10013390,cPK_10_013390_00_SHUSHUPU_C.webp
Pokemon,13400,Aromatisse,B1a,36,C,normal,13400,10013400,cPK_10_013400_00_FREFUWAN_C.webp
Pokemon,13410,Xerneas,B1a,37,R,normal,13410,10013410,cPK_10_013410_00_XERNEAS_R.webp
Pokemon,13420,Onix,B1a,38,C,normal,13420,10013420,cPK_10_013420_00_IWARK_C.webp
Pokemon,13430,Makuhita,B1a,39,C,normal,13430,10013430,cPK_10_013430_00_MAKUNOSHITA_C.webp
Pokemon,13440,Hariyama,B1a,40,U,normal,13440,10013440,cPK_10_013440_00_HARITEYAMA_U.webp
Pokemon,13450,Nosepass,B1a,41,C,normal,13450,10013450,cPK_10_013450_00_NOSEPASS_C.webp
Pokemon,13460,Mega Lopunny ex,B1a,42,RR,normal,13460,10013460,cPK_10_013460_00_MEGAMIMILOPex_RR.webp
Pokemon,13470,Mienfoo,B1a,43,C,normal,13470,10013470,cPK_10_013470_00_KOJOFU_C.webp
Pokemon,13480,Mienshao,B1a,44,C,normal,13480,10013480,cPK_10_013480_00_KOJONDO_C.webp
Pokemon,13490,Grimer,B1a,45,C,normal,13490,10013490,cPK_10_013490_00_BETBETER_C.webp
Pokemon,13500,Muk,B1a,46,C,normal,13500,10013500,cPK_10_013500_00_BETBETON_C.webp
Pokemon,13510,Purrloin,B1a,47,C,normal,13510,10013510,cPK_10_013510_00_CHORONEKO_C.webp
Pokemon,13520,Liepard,B1a,48,U,normal,13520,10013520,cPK_10_013520_00_LEPARDAS_U.webp
Pokemon,13530,Trubbish,B1a,49,C,normal,13530,10013530,cPK_10_013530_00_YABUKURON_C.webp
Pokemon,13540,Garbodor,B1a,50,U,normal,13540,10013540,cPK_10_013540_00_DUSTDAS_U.webp
Pokemon,13550,Steelix,B1a,51,U,normal,13550,10013550,cPK_10_013550_00_HAGANEIL_U.webp
Pokemon,13560,Mega Steelix ex,B1a,52,RR,normal,13560,10013560,cPK_10_013560_00_MEGAHAGANEILex_RR.webp
Pokemon,13570,Probopass,B1a,53,U,normal,13570,10013570,cPK_10_013570_00_DAINOSE_U.webp
Pokemon,13580,Porygon,B1a,56,C,normal,13580,10013580,cPK_10_013580_00_PORYGON_C.webp
Pokemon,13590,Porygon2,B1a,57,U,normal,13590,10013590,cPK_10_013590_00_PORYGON2_U.webp
Pokemon,13600,Porygon-Z,B1a,58,R,normal,13600,10013600,cPK_10_013600_00_PORYGON-Z_R.webp
Pokemon,13610,Starly,B1a,59,C,normal,13610,10013610,cPK_10_013610_00_MUKKURU_C.webp
Pokemon,13620,Staravia,B1a,60,C,normal,13620,10013620,cPK_10_013620_00_MUKUBIRD_C.webp
Pokemon,13630,Staraptor,B1a,61,U,normal,13630,10013630,cPK_10_013630_00_MUKUHAWK_U.webp
Pokemon,13640,Lopunny,B1a,63,U,normal,13640,10013640,cPK_10_013640_00_MIMILOP_U.webp
Pokemon,13650,Bouffalant,B1a,64,U,normal,13650,10013650,cPK_10_013650_00_BUFFRON_U.webp
Pokemon,13660,Furfrou,B1a,65,U,normal,13660,10013660,cPK_10_013660_00_TRIMMIENKABUKICUT_U.webp
Pokemon,13670,Ledyba,B2,1,C,normal,13670,10013670,cPK_10_013670_00_REDIBA_C.webp
Pokemon,13680,Ledian,B2,2,C,normal,13680,10013680,cPK_10_013680_00_REDIAN_C.webp
Pokemon,13690,Shuckle,B2,3,C,normal,13690,10013690,cPK_10_013690_00_TSUBOTSUBO_C.webp
Pokemon,13700,Roselia,B2,4,C,normal,13700,10013700,cPK_10_013700_00_ROSELIA_C.webp
Pokemon,13710,Roserade,B2,5,R,normal,13710,10013710,cPK_10_013710_00_ROSERADE_R.webp
Pokemon,13720,Cacnea,B2,6,C,normal,13720,10013720,cPK_10_013720_00_SABONEA_C.webp
Pokemon,13730,Cacturne,B2,7,U,normal,13730,10013730,cPK_10_013730_00_NOCTUS_U.webp
Pokemon,13740,Chespin,B2,8,C,normal,13740,10013740,cPK_10_013740_00_HARIMARON_C.webp
Pokemon,13750,Quilladin,B2,9,U,normal,13750,10013750,cPK_10_013750_00_HARIBORG_U.webp
Pokemon,13760,Chesnaught,B2,10,R,normal,13760,10013760,cPK_10_013760_00_BRIGARRON_R.webp
Pokemon,13770,Scatterbug,B2,11,C,normal,13770,10013770,cPK_10_013770_00_KOFUKIMUSHI_C.webp
Pokemon,13780,Spewpa,B2,12,C,normal,13780,10013780,cPK_10_013780_00_KOFUURAI_C.webp
Pokemon,13790,Vivillon,B2,13,U,normal,13790,10013790,cPK_10_013790_00_VIVIYON_U.webp
Pokemon,13800,Buzzwole,B2,14,R,normal,13800,10013800,cPK_10_013800_00_MASSIVOON_R.webp
Pokemon,13810,Gossifleur,B2,15,C,normal,13810,10013810,cPK_10_013810_00_HIMENKA_C.webp
Pokemon,13820,Eldegoss,B2,16,U,normal,13820,10013820,cPK_10_013820_00_WATASHIRAGA_U.webp
Pokemon,13830,Teal Mask Ogerpon ex,B2,17,RR,normal,13830,10013830,cPK_10_013830_00_OGERPONMIDORINOMENex_RR.webp
Pokemon,13840,Alolan Marowak,B2,18,U,normal,13840,10013840,cPK_10_013840_00_ALOLAGARAGARA_U.webp
Pokemon,13850,Reshiram,B2,19,R,normal,13850,10013850,cPK_10_013850_00_RESHIRAM_R.webp
Pokemon,13860,Litleo,B2,20,C,normal,13860,10013860,cPK_10_013860_00_SHISHIKO_C.webp
Pokemon,13870,Pyroar,B2,21,U,normal,13870,10013870,cPK_10_013870_00_KAENJISHI_U.webp
Pokemon,13880,Oricorio,B2,22,U,normal,13880,10013880,cPK_10_013880_00_ODORIDORI_U.webp
Pokemon,13890,Blacephalon ex,B2,23,RR,normal,13890,10013890,cPK_10_013890_00_ZUGADOONex_RR.webp
Pokemon,13900,Scorbunny,B2,24,C,normal,13900,10013900,cPK_10_013900_00_HIBANNY_C.webp
Pokemon,13910,Raboot,B2,25,U,normal,13910,10013910,cPK_10_013910_00_RABBIFUTO_U.webp
Pokemon,13920,Cinderace,B2,26,R,normal,13920,10013920,cPK_10_013920_00_ACEBURN_R.webp
Pokemon,13930,Hearthflame Mask Ogerpon,B2,27,R,normal,13930,10013930,cPK_10_013930_00_OGERPONKAMADONOMEN_R.webp
Pokemon,13940,Alolan Vulpix,B2,28,C,normal,13940,10013940,cPK_10_013940_00_ALOLAROKON_C.webp
Pokemon,13950,Alolan Ninetales ex,B2,29,RR,normal,13950,10013950,cPK_10_013950_00_ALOLAKYUKONex_RR.webp
Pokemon,13960,Galarian Mr. Mime,B2,30,C,normal,13960,10013960,cPK_10_013960_00_GALARBARRIERD_C.webp
Pokemon,13970,Galarian Mr. Rime,B2,31,U,normal,13970,10013970,cPK_10_013970_00_GALARBARRIKOHRU_U.webp
Pokemon,13980,Delibird,B2,32,U,normal,13980,10013980,cPK_10_013980_00_DELIBIRD_U.webp
Pokemon,13990,Mudkip,B2,33,C,normal,13990,10013990,cPK_10_013990_00_MIZUGOROU_C.webp
Pokemon,14000,Marshtomp,B2,34,U,normal,14000,10014000,cPK_10_014000_00_NUMACRAW_U.webp
Pokemon,14010,Swampert,B2,35,R,normal,14010,10014010,cPK_10_014010_00_LAGLARGE_R.webp
Pokemon,14020,Mega Swampert ex,B2,36,RR,normal,14020,10014020,cPK_10_014020_00_MEGALAGLARGEex_RR.webp
Pokemon,14030,Vanillite,B2,37,C,normal,14030,10014030,cPK_10_014030_00_VANIPETI_C.webp
Pokemon,14040,Vanillish,B2,38,C,normal,14040,10014040,cPK_10_014040_00_VANIRICH_C.webp
Pokemon,14050,Vanilluxe,B2,39,U,normal,14050,10014050,cPK_10_014050_00_BAIVANILLA_U.webp
Pokemon,14060,Cryogonal,B2,40,C,normal,14060,10014060,cPK_10_014060_00_FREEGEO_C.webp
Pokemon,14070,Amaura,B2,41,U,normal,14070,10014070,cPK_10_014070_00_AMARUS_U.webp
Pokemon,14080,Aurorus,B2,42,R,normal,14080,10014080,cPK_10_014080_00_AMARURUGA_R.webp
Pokemon,14090,Chewtle,B2,43,C,normal,14090,10014090,cPK_10_014090_00_KAMUKAME_C.webp
Pokemon,14100,Drednaw,B2,44,U,normal,14100,10014100,cPK_10_014100_00_KAJIRIGAME_U.webp
Pokemon,14110,Cramorant,B2,45,C,normal,14110,10014110,cPK_10_014110_00_UU_C.webp
Pokemon,14120,Arrokuda,B2,46,C,normal,14120,10014120,cPK_10_014120_00_SASIKAMASU_C.webp
Pokemon,14130,Barraskewda,B2,47,C,normal,14130,10014130,cPK_10_014130_00_KAMASUJAW_C.webp
Pokemon,14140,Wellspring Mask Ogerpon,B2,48,R,normal,14140,10014140,cPK_10_014140_00_OGERPONIDONOMEN_R.webp
Pokemon,14150,Pikachu,B2,49,C,normal,14150,10014150,cPK_10_014150_00_PIKACHU_C.webp
Pokemon,14160,Alolan Raichu,B2,50,R,normal,14160,10014160,cPK_10_014160_00_ALOLARAICHU_R.webp
Pokemon,14170,Zapdos,B2,51,R,normal,14170,10014170,cPK_10_014170_00_THUNDER_R.webp
Pokemon,14180,Plusle,B2,52,C,normal,14180,10014180,cPK_10_014180_00_PRASLE_C.webp
Pokemon,14190,Minun,B2,53,C,normal,14190,10014190,cPK_10_014190_00_MINUN_C.webp
Pokemon,14200,Toxel,B2,54,C,normal,14200,10014200,cPK_10_014200_00_ELESON_C.webp
Pokemon,14210,Toxtricity ex,B2,55,RR,normal,14210,10014210,cPK_10_014210_00_STRINDERex_RR.webp
Pokemon,14220,Tadbulb,B2,56,C,normal,14220,10014220,cPK_10_014220_00_ZUPIKA_C.webp
Pokemon,14230,Bellibolt,B2,57,U,normal,14230,10014230,cPK_10_014230_00_HARABARIE_U.webp
Pokemon,14240,Galarian Ponyta,B2,58,C,normal,14240,10014240,cPK_10_014240_00_GALARPONYTA_C.webp
Pokemon,14250,Galarian Rapidash,B2,59,U,normal,14250,10014250,cPK_10_014250_00_GALARGALLOP_U.webp
Pokemon,14260,Wobbuffet,B2,60,C,normal,14260,10014260,cPK_10_014260_00_SONANS_C.webp
Pokemon,14270,Snubbull,B2,61,C,normal,14270,10014270,cPK_10_014270_00_BULU_C.webp
Pokemon,14280,Granbull,B2,62,U,normal,14280,10014280,cPK_10_014280_00_GRANBULU_U.webp
Pokemon,14290,Ralts,B2,63,C,normal,14290,10014290,cPK_10_014290_00_RALTS_C.webp
Pokemon,14300,Kirlia,B2,64,U,normal,14300,10014300,cPK_10_014300_00_KIRLIA_U.webp
Pokemon,14310,Gardevoir,B2,65,R,normal,14310,10014310,cPK_10_014310_00_SIRNIGHT_R.webp
Pokemon,14320,Mega Gardevoir ex,B2,66,RR,normal,14320,10014320,cPK_10_014320_00_MEGASIRNIGHTex_RR.webp
Pokemon,14330,Litwick,B2,67,C,normal,14330,10014330,cPK_10_014330_00_HITOMOSHI_C.webp
Pokemon,14340,Lampent,B2,68,U,normal,14340,10014340,cPK_10_014340_00_LAMPLER_U.webp
Pokemon,14350,Chandelure,B2,69,R,normal,14350,10014350,cPK_10_014350_00_CHANDELA_R.webp
Pokemon,14360,Meloetta,B2,70,U,normal,14360,10014360,cPK_10_014360_00_MELOETTA_U.webp
Pokemon,14370,Pumpkaboo,B2,71,C,normal,14370,10014370,cPK_10_014370_00_BAKECCHA_C.webp
Pokemon,14380,Gourgeist,B2,72,R,normal,14380,10014380,cPK_10_014380_00_PUMPJIN_R.webp
Pokemon,14390,Mimikyu ex,B2,73,RR,normal,14390,10014390,cPK_10_014390_00_MIMIKKYUex_RR.webp
Pokemon,14400,Sinistea,B2,74,C,normal,14400,10014400,cPK_10_014400_00_YABACHA_C.webp
Pokemon,14410,Polteageist,B2,75,U,normal,14410,10014410,cPK_10_014410_00_POTDEATH_U.webp
Pokemon,14420,Indeedee,B2,76,C,normal,14420,10014420,cPK_10_014420_00_YESSAN_C.webp
Pokemon,14430,Sandshrew,B2,77,C,normal,14430,10014430,cPK_10_014430_00_SAND_C.webp
Pokemon,14440,Sandslash,B2,78,C,normal,14440,10014440,cPK_10_014440_00_SANDPAN_C.webp
Pokemon,14450,Machop,B2,79,C,normal,14450,10014450,cPK_10_014450_00_WANRIKY_C.webp
Pokemon,14460,Machoke,B2,80,C,normal,14460,10014460,cPK_10_014460_00_GORIKY_C.webp
Pokemon,14470,Machamp,B2,81,U,normal,14470,10014470,cPK_10_014470_00_KAIRIKY_U.webp
Pokemon,14480,Cubone,B2,82,C,normal,14480,10014480,cPK_10_014480_00_KARAKARA_C.webp
Pokemon,14490,Meditite,B2,83,C,normal,14490,10014490,cPK_10_014490_00_ASANAN_C.webp
Pokemon,14500,Medicham,B2,84,U,normal,14500,10014500,cPK_10_014500_00_CHAREM_U.webp
Pokemon,14510,Roggenrola,B2,85,C,normal,14510,10014510,cPK_10_014510_00_DANGORO_C.webp
Pokemon,14520,Boldore,B2,86,U,normal,14520,10014520,cPK_10_014520_00_GANTLE_U.webp
Pokemon,14530,Gigalith ex,B2,87,RR,normal,14530,10014530,cPK_10_014530_00_GIGAIATHex_RR.webp
Pokemon,14540,Drilbur,B2,88,C,normal,14540,10014540,cPK_10_014540_00_MOGUREW_C.webp
Pokemon,14550,Tyrunt,B2,89,U,normal,14550,10014550,cPK_10_014550_00_CHIGORAS_U.webp
Pokemon,14560,Tyrantrum,B2,90,R,normal,14560,10014560,cPK_10_014560_00_GACHIGORAS_R.webp
Pokemon,14570,Passimian,B2,91,C,normal,14570,10014570,cPK_10_014570_00_NAGETUKESARU_C.webp
Pokemon,14580,Falinks,B2,92,U,normal,14580,10014580,cPK_10_014580_00_TAIRETSU_U.webp
Pokemon,14590,Cornerstone Mask Ogerpon,B2,93,R,normal,14590,10014590,cPK_10_014590_00_OGERPONISHIZUENOMEN_R.webp
Pokemon,14600,Alolan Meowth,B2,94,C,normal,14600,10014600,cPK_10_014600_00_ALOLANYARTH_C.webp
Pokemon,14610,Alolan Persian,B2,95,U,normal,14610,10014610,cPK_10_014610_00_ALOLAPERSIAN_U.webp
Pokemon,14620,Alolan Grimer,B2,96,C,normal,14620,10014620,cPK_10_014620_00_ALOLABETBETER_C.webp
Pokemon,14630,Alolan Muk,B2,97,R,normal,14630,10014630,cPK_10_014630_00_ALOLABETBETON_R.webp
Pokemon,14640,Galarian Zigzagoon,B2,98,C,normal,14640,10014640,cPK_10_014640_00_GALARJIGUZAGUMA_C.webp
Pokemon,14650,Galarian Linoone,B2,99,U,normal,14650,10014650,cPK_10_014650_00_GALARMASSUGUMA_U.webp
Pokemon,14660,Galarian Obstagoon,B2,100,R,normal,14660,10014660,cPK_10_014660_00_GALARTACHIFUSAGUMA_R.webp
Pokemon,14670,Stunky,B2,101,C,normal,14670,10014670,cPK_10_014670_00_SKUNPUU_C.webp
Pokemon,14680,Skuntank,B2,102,U,normal,14680,10014680,cPK_10_014680_00_SKUTANK_U.webp
Pokemon,14690,Spiritomb,B2,103,R,normal,14690,10014690,cPK_10_014690_00_MIKARUGE_R.webp
Pokemon,14700,Purrloin,B2,104,C,normal,14700,10014700,cPK_10_014700_00_CHORONEKO_C.webp
Pokemon,14710,Liepard,B2,105,U,normal,14710,10014710,cPK_10_014710_00_LEPARDAS_U.webp
Pokemon,14720,Scraggy,B2,106,C,normal,14720,10014720,cPK_10_014720_00_ZURUGGU_C.webp
Pokemon,14730,Scrafty,B2,107,U,normal,14730,10014730,cPK_10_014730_00_ZURUZUKIN_U.webp
Pokemon,14740,Yveltal,B2,108,R,normal,14740,10014740,cPK_10_014740_00_YVELTAL_R.webp
Pokemon,14750,Guzzlord,B2,109,R,normal,14750,10014750,cPK_10_014750_00_AKUZIKING_R.webp
Pokemon,14760,Galarian Meowth,B2,110,C,normal,14760,10014760,cPK_10_014760_00_GALARNYARTH_C.webp
Pokemon,14770,Galarian Perrserker,B2,111,R,normal,14770,10014770,cPK_10_014770_00_GALARNYAIKING_R.webp
Pokemon,14780,Mawile,B2,112,C,normal,14780,10014780,cPK_10_014780_00_KUCHEAT_C.webp
Pokemon,14790,Mega Mawile ex,B2,113,RR,normal,14790,10014790,cPK_10_014790_00_MEGAKUCHEATex_RR.webp
Pokemon,14800,Excadrill,B2,114,U,normal,14800,10014800,cPK_10_014800_00_DORYUZU_U.webp
Pokemon,14810,Ferroseed,B2,115,C,normal,14810,10014810,cPK_10_014810_00_TESSEED_C.webp
Pokemon,14820,Ferrothorn,B2,116,C,normal,14820,10014820,cPK_10_014820_00_NUTREY_C.webp
Pokemon,14830,Galarian Stunfisk,B2,117,U,normal,14830,10014830,cPK_10_014830_00_GALARMAGGYO_U.webp
Pokemon,14840,Honedge,B2,118,C,normal,14840,10014840,cPK_10_014840_00_HITOTSUKI_C.webp
Pokemon,14850,Doublade,B2,119,U,normal,14850,10014850,cPK_10_014850_00_NIDANGILL_U.webp
Pokemon,14860,Aegislash,B2,120,R,normal,14860,10014860,cPK_10_014860_00_GILLGARD_R.webp
Pokemon,14870,Bagon,B2,121,C,normal,14870,10014870,cPK_10_014870_00_TATSUBAY_C.webp
Pokemon,14880,Shelgon,B2,122,U,normal,14880,10014880,cPK_10_014880_00_KOMORUU_U.webp
Pokemon,14890,Salamence,B2,123,R,normal,14890,10014890,cPK_10_014890_00_BOHMANDER_R.webp
Pokemon,14900,Meowth,B2,124,C,normal,14900,10014900,cPK_10_014900_00_NYARTH_C.webp
Pokemon,14910,Persian,B2,125,C,normal,14910,10014910,cPK_10_014910_00_PERSIAN_C.webp
Pokemon,14920,Kangaskhan,B2,126,U,normal,14920,10014920,cPK_10_014920_00_GARURA_U.webp
Pokemon,14930,Mega Kangaskhan ex,B2,127,RR,normal,14930,10014930,cPK_10_014930_00_MEGAGARURAex_RR.webp
Pokemon,14940,Sentret,B2,128,C,normal,14940,10014940,cPK_10_014940_00_OTACHI_C.webp
Pokemon,14950,Furret,B2,129,C,normal,14950,10014950,cPK_10_014950_00_OOTACHI_C.webp
Pokemon,14960,Smeargle,B2,130,U,normal,14960,10014960,cPK_10_014960_00_DOBLE_U.webp
Pokemon,14970,Lugia,B2,131,R,normal,14970,10014970,cPK_10_014970_00_LUGIA_R.webp
Pokemon,14980,Taillow,B2,132,C,normal,14980,10014980,cPK_10_014980_00_SUBAME_C.webp
Pokemon,14990,Swellow,B2,133,R,normal,14990,10014990,cPK_10_014990_00_OHSUBAME_R.webp
Pokemon,15000,Slakoth,B2,134,C,normal,15000,10015000,cPK_10_015000_00_NAMAKERO_C.webp
Pokemon,15010,Vigoroth,B2,135,U,normal,15010,10015010,cPK_10_015010_00_YARUKIMONO_U.webp
Pokemon,15020,Slaking,B2,136,R,normal,15020,10015020,cPK_10_015020_00_KEKKING_R.webp
Pokemon,15030,Spinda,B2,137,C,normal,15030,10015030,cPK_10_015030_00_PATCHEEL_C.webp
Pokemon,15040,Tornadus,B2,138,R,normal,15040,10015040,cPK_10_015040_00_TORNELOS_R.webp
Pokemon,15050,Bunnelby,B2,139,C,normal,15050,10015050,cPK_10_015050_00_HORUBEE_C.webp
Pokemon,15060,Diggersby,B2,140,U,normal,15060,10015060,cPK_10_015060_00_HORUDO_U.webp
Pokemon,15070,Furfrou,B2,141,U,normal,15070,10015070,cPK_10_015070_00_TRIMMIEN_U.webp
Pokemon,15080,Tandemaus,B2,142,C,normal,15080,10015080,cPK_10_015080_00_WAKKANEZUMI_C.webp
Pokemon,15090,Maushold,B2,143,U,normal,15090,10015090,cPK_10_015090_00_IKKANEZUMI_U.webp
Pokemon,15100,Sprigatito,B2a,1,C,normal,15100,10015100,cPK_10_015100_00_NYAHOJA_C.webp
Pokemon,15110,Floragato,B2a,2,C,normal,15110,10015110,cPK_10_015110_00_NYAROTE_C.webp
Pokemon,15120,Meowscarada ex,B2a,3,RR,normal,15120,10015120,cPK_10_015120_00_MASQUERNYAex_RR.webp
Pokemon,15130,Tarountula,B2a,4,C,normal,15130,10015130,cPK_10_015130_00_TAMANTULA_C.webp
Pokemon,15140,Spidops,B2a,5,U,normal,15140,10015140,cPK_10_015140_00_WANAIDER_U.webp
Pokemon,15150,Nymble,B2a,6,C,normal,15150,10015150,cPK_10_015150_00_MAMEBATTA_C.webp
Pokemon,15160,Smoliv,B2a,7,C,normal,15160,10015160,cPK_10_015160_00_MINIVE_C.webp
Pokemon,15170,Dolliv,B2a,8,C,normal,15170,10015170,cPK_10_015170_00_OLINYO_C.webp
Pokemon,15180,Arboliva,B2a,9,R,normal,15180,10015180,cPK_10_015180_00_OLIVA_R.webp
Pokemon,15190,Bramblin,B2a,10,C,normal,15190,10015190,cPK_10_015190_00_ANOKUSA_C.webp
Pokemon,15200,Brambleghast,B2a,11,U,normal,15200,10015200,cPK_10_015200_00_ANOHORAGUSA_U.webp
Pokemon,15210,Capsakid,B2a,12,C,normal,15210,10015210,cPK_10_015210_00_CAPSAIJI_C.webp
Pokemon,15220,Scovillain,B2a,13,U,normal,15220,10015220,cPK_10_015220_00_SCOVILLAIN_U.webp
Pokemon,15230,Rellor,B2a,14,C,normal,15230,10015230,cPK_10_015230_00_SHIGAROKO_C.webp
Pokemon,15240,Wo-Chien,B2a,15,R,normal,15240,10015240,cPK_10_015240_00_CHIONJEN_R.webp
Pokemon,15250,Fuecoco,B2a,16,C,normal,15250,10015250,cPK_10_015250_00_HOGATOR_C.webp
Pokemon,15260,Crocalor,B2a,17,C,normal,15260,10015260,cPK_10_015260_00_ACHIGATOR_C.webp
Pokemon,15270,Skeledirge,B2a,18,R,normal,15270,10015270,cPK_10_015270_00_LAUDBON_R.webp
Pokemon,15280,Charcadet,B2a,19,C,normal,15280,10015280,cPK_10_015280_00_CARBOU_C.webp
Pokemon,15290,Armarouge ex,B2a,20,RR,normal,15290,10015290,cPK_10_015290_00_GURENARMAex_RR.webp
Pokemon,15300,Chi-Yu,B2a,21,R,normal,15300,10015300,cPK_10_015300_00_YIYUI_R.webp
Pokemon,15310,Quaxly,B2a,22,C,normal,15310,10015310,cPK_10_015310_00_KUWASSU_C.webp
Pokemon,15320,Quaxwell,B2a,23,C,normal,15320,10015320,cPK_10_015320_00_WELKAMO_C.webp
Pokemon,15330,Quaquaval,B2a,24,R,normal,15330,10015330,cPK_10_015330_00_WANIVAL_R.webp
Pokemon,15340,Wiglett,B2a,25,C,normal,15340,10015340,cPK_10_015340_00_UMIDIGDA_C.webp
Pokemon,15350,Wugtrio,B2a,26,U,normal,15350,10015350,cPK_10_015350_00_UMITRIO_U.webp
Pokemon,15360,Finizen,B2a,27,C,normal,15360,10015360,cPK_10_015360_00_NAMIIRUKA_C.webp
Pokemon,15370,Palafin,B2a,28,R,normal,15370,10015370,cPK_10_015370_00_IRUKAMANMIGHTYFORME_R.webp
Pokemon,15380,Cetoddle,B2a,29,C,normal,15380,10015380,cPK_10_015380_00_ARUKUJIRA_C.webp
Pokemon,15390,Cetitan,B2a,30,U,normal,15390,10015390,cPK_10_015390_00_HULKUJIRA_U.webp
Pokemon,15400,Veluza,B2a,31,U,normal,15400,10015400,cPK_10_015400_00_MIGALUSA_U.webp
Pokemon,15410,Dondozo,B2a,32,U,normal,15410,10015410,cPK_10_015410_00_HEYRUSHER_U.webp
Pokemon,15420,Tatsugiri,B2a,33,U,normal,15420,10015420,cPK_10_015420_00_SYARITATSU_U.webp
Pokemon,15430,Frigibax,B2a,34,C,normal,15430,10015430,cPK_10_015430_00_SEBIE_C.webp
Pokemon,15440,Arctibax,B2a,35,C,normal,15440,10015440,cPK_10_015440_00_SEGOHRU_C.webp
Pokemon,15450,Baxcalibur,B2a,36,R,normal,15450,10015450,cPK_10_015450_00_SEGLAIVE_R.webp
Pokemon,15460,Chien-Pao ex,B2a,37,RR,normal,15460,10015460,cPK_10_015460_00_PAOJIANex_RR.webp
Pokemon,15470,Pawmi,B2a,38,C,normal,15470,10015470,cPK_10_015470_00_PAMO_C.webp
Pokemon,15480,Pawmo,B2a,39,C,normal,15480,10015480,cPK_10_015480_00_PAMOT_C.webp
Pokemon,15490,Pawmot,B2a,40,U,normal,15490,10015490,cPK_10_015490_00_PARMOT_U.webp
Pokemon,15500,Tadbulb,B2a,41,C,normal,15500,10015500,cPK_10_015500_00_ZUPIKA_C.webp
Pokemon,15510,Bellibolt ex,B2a,42,RR,normal,15510,10015510,cPK_10_015510_00_HARABARIEex_RR.webp
Pokemon,15520,Wattrel,B2a,43,C,normal,15520,10015520,cPK_10_015520_00_KAIDEN_C.webp
Pokemon,15530,Kilowattrel,B2a,44,U,normal,15530,10015530,cPK_10_015530_00_TAIKAIDEN_U.webp
Pokemon,15540,Miraidon,B2a,45,R,normal,15540,10015540,cPK_10_015540_00_MIRAIDONCOMPLETEMODE_R.webp
Pokemon,15550,Fidough,B2a,46,C,normal,15550,10015550,cPK_10_015550_00_PUPIMOCCHI_C.webp
Pokemon,15560,Dachsbun,B2a,47,U,normal,15560,10015560,cPK_10_015560_00_BOWTZEL_U.webp
Pokemon,15570,Ceruledge,B2a,48,R,normal,15570,10015570,cPK_10_015570_00_SOUBLADES_R.webp
Pokemon,15580,Rabsca,B2a,49,U,normal,15580,10015580,cPK_10_015580_00_BERACAS_U.webp
Pokemon,15590,Flittle,B2a,50,C,normal,15590,10015590,cPK_10_015590_00_HIRAHINA_C.webp
Pokemon,15600,Espathra,B2a,51,U,normal,15600,10015600,cPK_10_015600_00_CUESPATRA_U.webp
Pokemon,15610,Greavard,B2a,52,C,normal,15610,10015610,cPK_10_015610_00_BOCHI_C.webp
Pokemon,15620,Houndstone,B2a,53,U,normal,15620,10015620,cPK_10_015620_00_HAKADOG_U.webp
Pokemon,15630,Gimmighoul,B2a,54,C,normal,15630,10015630,cPK_10_015630_00_COLLECUREI_C.webp
Pokemon,15640,Mankey,B2a,55,C,normal,15640,10015640,cPK_10_015640_00_MANKEY_C.webp
Pokemon,15650,Primeape,B2a,56,C,normal,15650,10015650,cPK_10_015650_00_OKORIZARU_C.webp
Pokemon,15660,Annihilape,B2a,57,U,normal,15660,10015660,cPK_10_015660_00_KONOYOZARU_U.webp
Pokemon,15670,Paldean Tauros,B2a,58,U,normal,15670,10015670,cPK_10_015670_00_PALDEAKENTAUROS_U.webp
Pokemon,15680,Toedscool,B2a,59,C,normal,15680,10015680,cPK_10_015680_00_NONOKURAGE_C.webp
Pokemon,15690,Toedscruel,B2a,60,U,normal,15690,10015690,cPK_10_015690_00_RIKUKURAGE_U.webp
Pokemon,15700,Klawf,B2a,61,C,normal,15700,10015700,cPK_10_015700_00_GAKEGANI_C.webp
Pokemon,15710,Ting-Lu,B2a,62,R,normal,15710,10015710,cPK_10_015710_00_DINLU_R.webp
Pokemon,15720,Koraidon,B2a,63,R,normal,15720,10015720,cPK_10_015720_00_KORAIDON_R.webp
Pokemon,15730,Paldean Wooper,B2a,64,C,normal,15730,10015730,cPK_10_015730_00_PALDEAUPAH_C.webp
Pokemon,15740,Paldean Clodsire,B2a,65,U,normal,15740,10015740,cPK_10_015740_00_PALDEADOOH_U.webp
Pokemon,15750,Lokix,B2a,66,U,normal,15750,10015750,cPK_10_015750_00_EXLEG_U.webp
Pokemon,15760,Maschiff,B2a,67,C,normal,15760,10015760,cPK_10_015760_00_ORACHIFU_C.webp
Pokemon,15770,Mabosstiff,B2a,68,U,normal,15770,10015770,cPK_10_015770_00_MAFITIFF_U.webp
Pokemon,15780,Shroodle,B2a,69,C,normal,15780,10015780,cPK_10_015780_00_SHIRUSHREW_C.webp
Pokemon,15790,Grafaiai,B2a,70,U,normal,15790,10015790,cPK_10_015790_00_TAGGINGRU_U.webp
Pokemon,15800,Bombirdier,B2a,71,C,normal,15800,10015800,cPK_10_015800_00_OTOSHIDORI_C.webp
Pokemon,15810,Tinkatink,B2a,72,C,normal,15810,10015810,cPK_10_015810_00_KANUCHAN_C.webp
Pokemon,15820,Tinkatuff,B2a,73,C,normal,15820,10015820,cPK_10_015820_00_NAKANUCHAN_C.webp
Pokemon,15830,Tinkaton,B2a,74,R,normal,15830,10015830,cPK_10_015830_00_DEKANUCHAN_R.webp
Pokemon,15840,Varoom,B2a,75,C,normal,15840,10015840,cPK_10_015840_00_BURORON_C.webp
Pokemon,15850,Revavroom,B2a,76,U,normal,15850,10015850,cPK_10_015850_00_BUROROROOM_U.webp
Pokemon,15860,Orthworm,B2a,77,U,normal,15860,10015860,cPK_10_015860_00_MIMIZUZU_U.webp
Pokemon,15870,Gholdengo ex,B2a,78,RR,normal,15870,10015870,cPK_10_015870_00_SURFUGOex_RR.webp
Pokemon,15880,Lechonk,B2a,79,C,normal,15880,10015880,cPK_10_015880_00_GOURTON_C.webp
Pokemon,15890,Oinkologne,B2a,80,C,normal,15890,10015890,cPK_10_015890_00_PERFUTONOSUNOSUGATA_C.webp
Pokemon,15900,Tandemaus,B2a,81,C,normal,15900,10015900,cPK_10_015900_00_WAKKANEZUMI_C.webp
Pokemon,15910,Maushold,B2a,82,U,normal,15910,10015910,cPK_10_015910_00_IKKANEZUMISANBIKIKAZOKU_U.webp
Pokemon,15920,Squawkabilly,B2a,83,C,normal,15920,10015920,cPK_10_015920_00_IKIRINKOGREENFEATHER_C.webp
Pokemon,15930,Cyclizar,B2a,84,U,normal,15930,10015930,cPK_10_015930_00_MOTOTOKAGE_U.webp
Pokemon,15940,Flamigo,B2a,85,C,normal,15940,10015940,cPK_10_015940_00_KARAMINGO_C.webp
Pokemon,15950,Mudkip,PROMO-B,26,C,promo-only,15950,10015950,cPK_90_015950_00_MIZUGOROU_C.webp
Pokemon,15960,Ralts,PROMO-B,28,C,promo-only,15960,10015960,cPK_90_015960_00_RALTS_C.webp
Pokemon,15970,Mega Medicham ex,PROMO-B,29,RR,promo-only,15970,10015970,cPK_90_015970_00_MEGACHAREMex_RR.webp
Pokemon,15980,Smoliv,PROMO-B,34,C,promo-only,15980,10015980,cPK_90_015980_00_MINIVE_C.webp
Pokemon,15990,Frigibax,PROMO-B,37,C,promo-only,15990,10015990,cPK_90_015990_00_SEBIE_C.webp
Pokemon,16000,Slowpoke,B2b,15,C,normal,16000,10016000,cPK_10_016000_00_YADON_C.webp
Pokemon,16010,Electrike,PROMO-B,43,C,promo-only,16010,10016010,cPK_90_016010_00_RAKURAI_C.webp
Pokemon,16020,Varoom,PROMO-B,44,C,promo-only,16020,10016020,cPK_90_016020_00_BURORON_C.webp
Pokemon,16030,Haxorus,B2b,56,R,normal,16030,10016030,cPK_10_016030_00_ONONOKUS_R.webp
Pokemon,16040,Chatot,B2b,61,C,normal,16040,10016040,cPK_10_016040_00_PERAP_C.webp
Pokemon,16050,Gastly,B2b,37,C,normal,16050,10016050,cPK_10_016050_00_GHOS_C.webp
Pokemon,16060,Wigglytuff,B2b,59,C,normal,16060,10016060,cPK_10_016060_00_PUKURIN_C.webp
Pokemon,16070,Scyther,B2b,1,C,normal,16070,10016070,cPK_10_016070_00_STRIKE_C.webp
Pokemon,16080,Pineco,B2b,2,C,normal,16080,10016080,cPK_10_016080_00_KUNUGIDAMA_C.webp
Pokemon,16090,Volbeat,B2b,3,C,normal,16090,10016090,cPK_10_016090_00_BARUBEAT_C.webp
Pokemon,16100,Illumise,B2b,4,C,normal,16100,10016100,cPK_10_016100_00_ILLUMISE_C.webp
Pokemon,16110,Phantump,B2b,5,C,normal,16110,10016110,cPK_10_016110_00_BOKUREI_C.webp
Pokemon,16120,Trevenant,B2b,6,U,normal,16120,10016120,cPK_10_016120_00_OHROT_U.webp
Pokemon,16130,Charmander,B2b,7,C,normal,16130,10016130,cPK_10_016130_00_HITOKAGE_C.webp
Pokemon,16140,Charmeleon,B2b,8,U,normal,16140,10016140,cPK_10_016140_00_LIZARDO_U.webp
Pokemon,16150,Mega Charizard X ex,B2b,9,RR,normal,16150,10016150,cPK_10_016150_00_MEGALIZARDONXex_RR.webp
Pokemon,16160,Ponyta,B2b,10,C,normal,16160,10016160,cPK_10_016160_00_PONYTA_C.webp
Pokemon,16170,Rapidash,B2b,11,C,normal,16170,10016170,cPK_10_016170_00_GALLOP_C.webp
Pokemon,16180,Magmar,B2b,12,C,normal,16180,10016180,cPK_10_016180_00_BOOBER_C.webp
Pokemon,16190,Magmortar,B2b,13,U,normal,16190,10016190,cPK_10_016190_00_BOOBURN_U.webp
Pokemon,16200,Paldean Tauros,B2b,14,C,normal,16200,10016200,cPK_10_016200_00_PALDEAKENTAUROS_C.webp
Pokemon,16210,Mega Slowbro ex,B2b,16,RR,normal,16210,10016210,cPK_10_016210_00_MEGAYADORANex_RR.webp
Pokemon,16220,Lapras,B2b,17,U,normal,16220,10016220,cPK_10_016220_00_LAPLACE_U.webp
Pokemon,16230,Piplup,B2b,18,C,normal,16230,10016230,cPK_10_016230_00_POCHAMA_C.webp
Pokemon,16240,Prinplup,B2b,19,U,normal,16240,10016240,cPK_10_016240_00_POTTAISHI_U.webp
Pokemon,16250,Empoleon,B2b,20,R,normal,16250,10016250,cPK_10_016250_00_EMPERTE_R.webp
Pokemon,16260,Phione,B2b,21,U,normal,16260,10016260,cPK_10_016260_00_PHIONE_U.webp
Pokemon,16270,Pikachu,B2b,22,C,normal,16270,10016270,cPK_10_016270_00_PIKACHU_C.webp
Pokemon,16280,Raichu,B2b,23,U,normal,16280,10016280,cPK_10_016280_00_RAICHU_U.webp
Pokemon,16290,Electabuzz,B2b,24,C,normal,16290,10016290,cPK_10_016290_00_ELEBOO_C.webp
Pokemon,16300,Electivire,B2b,25,U,normal,16300,10016300,cPK_10_016300_00_ELEKIBLE_U.webp
Pokemon,16310,Electrike,B2b,26,C,normal,16310,10016310,cPK_10_016310_00_RAKURAI_C.webp
Pokemon,16320,Mega Manectric ex,B2b,27,RR,normal,16320,10016320,cPK_10_016320_00_MEGALIVOLTex_RR.webp
Pokemon,16330,Drowzee,B2b,28,C,normal,16330,10016330,cPK_10_016330_00_SLEEPE_C.webp
Pokemon,16340,Hypno,B2b,29,U,normal,16340,10016340,cPK_10_016340_00_SLEEPER_U.webp
Pokemon,16350,Mew,B2b,30,R,normal,16350,10016350,cPK_10_016350_00_MEW_R.webp
Pokemon,16360,Spoink,B2b,31,C,normal,16360,10016360,cPK_10_016360_00_BANEBOO_C.webp
Pokemon,16370,Grumpig,B2b,32,U,normal,16370,10016370,cPK_10_016370_00_BOOPIG_U.webp
Pokemon,16380,Diglett,B2b,33,C,normal,16380,10016380,cPK_10_016380_00_DIGDA_C.webp
Pokemon,16390,Dugtrio,B2b,34,U,normal,16390,10016390,cPK_10_016390_00_DUGTRIO_U.webp
Pokemon,16400,Groudon,B2b,35,R,normal,16400,10016400,cPK_10_016400_00_GROUDON_R.webp
Pokemon,16410,Hawlucha,B2b,36,C,normal,16410,10016410,cPK_10_016410_00_LUCHABULL_C.webp
Pokemon,16420,Haunter,B2b,38,U,normal,16420,10016420,cPK_10_016420_00_GHOST_U.webp
Pokemon,16430,Mega Gengar ex,B2b,39,RR,normal,16430,10016430,cPK_10_016430_00_MEGAGANGARex_RR.webp
Pokemon,16440,Darkrai,B2b,40,R,normal,16440,10016440,cPK_10_016440_00_DARKRAI_R.webp
Pokemon,16450,Trubbish,B2b,41,C,normal,16450,10016450,cPK_10_016450_00_YABUKURON_C.webp
Pokemon,16460,Garbodor,B2b,42,C,normal,16460,10016460,cPK_10_016460_00_DUSTDAS_C.webp
Pokemon,16470,Zorua,B2b,43,C,normal,16470,10016470,cPK_10_016470_00_ZORUA_C.webp
Pokemon,16480,Zoroark,B2b,44,R,normal,16480,10016480,cPK_10_016480_00_ZOROARK_R.webp
Pokemon,16490,Morpeko,B2b,45,C,normal,16490,10016490,cPK_10_016490_00_MORPEKO_C.webp
Pokemon,16500,Forretress,B2b,46,U,normal,16500,10016500,cPK_10_016500_00_FORETOS_U.webp
Pokemon,16510,Mega Scizor ex,B2b,47,RR,normal,16510,10016510,cPK_10_016510_00_MEGAHASSAMex_RR.webp
Pokemon,16520,Kartana,B2b,48,U,normal,16520,10016520,cPK_10_016520_00_KAMITURUGI_U.webp
Pokemon,16530,Varoom,B2b,49,C,normal,16530,10016530,cPK_10_016530_00_BURORON_C.webp
Pokemon,16540,Revavroom,B2b,50,R,normal,16540,10016540,cPK_10_016540_00_BUROROROOM_R.webp
Pokemon,16550,Dratini,B2b,51,C,normal,16550,10016550,cPK_10_016550_00_MINIRYU_C.webp
Pokemon,16560,Dragonair,B2b,52,U,normal,16560,10016560,cPK_10_016560_00_HAKURYU_U.webp
Pokemon,16570,Dragonite,B2b,53,R,normal,16570,10016570,cPK_10_016570_00_KAIRYU_R.webp
Pokemon,16580,Axew,B2b,54,C,normal,16580,10016580,cPK_10_016580_00_KIBAGO_C.webp
Pokemon,16590,Fraxure,B2b,55,U,normal,16590,10016590,cPK_10_016590_00_ONONDO_U.webp
Pokemon,16600,Druddigon,B2b,57,C,normal,16600,10016600,cPK_10_016600_00_CRIMGAN_C.webp
Pokemon,16610,Jigglypuff,B2b,58,C,normal,16610,10016610,cPK_10_016610_00_PURIN_C.webp
Pokemon,16620,Miltank,B2b,60,U,normal,16620,10016620,cPK_10_016620_00_MILTANK_U.webp
Pokemon,16630,Minccino,B2b,62,C,normal,16630,10016630,cPK_10_016630_00_CHILLARMY_C.webp
Pokemon,16640,Cinccino,B2b,63,C,normal,16640,10016640,cPK_10_016640_00_CHILLACCINO_C.webp
Pokemon,16650,Furfrou,B2b,64,U,normal,16650,10016650,cPK_10_016650_00_TRIMMIEN_U.webp
Pokemon,16660,Tangela,B3,1,C,normal,16660,10016660,cPK_10_016660_00_MONJARA_C.webp
Pokemon,16670,Tangrowth,B3,2,U,normal,16670,10016670,cPK_10_016670_00_MOJUMBO_U.webp
Pokemon,16680,Heracross,B3,3,U,normal,16680,10016680,cPK_10_016680_00_HERACROS_U.webp
Pokemon,16690,Celebi,B3,4,R,normal,16690,10016690,cPK_10_016690_00_CELEBI_R.webp
Pokemon,16700,Treecko,B3,5,C,normal,16700,10016700,cPK_10_016700_00_KIMORI_C.webp
Pokemon,16710,Grovyle,B3,6,U,normal,16710,10016710,cPK_10_016710_00_JUPTILE_U.webp
Pokemon,16720,Sceptile,B3,7,R,normal,16720,10016720,cPK_10_016720_00_JUKAIN_R.webp
Pokemon,16730,Mega Sceptile ex,B3,8,RR,normal,16730,10016730,cPK_10_016730_00_MEGAJUKAINex_RR.webp
Pokemon,16740,Surskit,B3,9,C,normal,16740,10016740,cPK_10_016740_00_AMETAMA_C.webp
Pokemon,16750,Masquerain,B3,10,C,normal,16750,10016750,cPK_10_016750_00_AMEMOTH_C.webp
Pokemon,16760,Shroomish,B3,11,C,normal,16760,10016760,cPK_10_016760_00_KINOCOCO_C.webp
Pokemon,16770,Breloom,B3,12,U,normal,16770,10016770,cPK_10_016770_00_KINOGASSA_U.webp
Pokemon,16780,Budew,B3,13,R,normal,16780,10016780,cPK_10_016780_00_SUBOMIE_R.webp
Pokemon,16790,Carnivine,B3,14,C,normal,16790,10016790,cPK_10_016790_00_MUSKIPPA_C.webp
Pokemon,16800,Sewaddle,B3,15,C,normal,16800,10016800,cPK_10_016800_00_KURUMIRU_C.webp
Pokemon,16810,Swadloon,B3,16,C,normal,16810,10016810,cPK_10_016810_00_KURUMAYU_C.webp
Pokemon,16820,Leavanny,B3,17,U,normal,16820,10016820,cPK_10_016820_00_HAHAKOMORI_U.webp
Pokemon,16830,Durant,B3,18,C,normal,16830,10016830,cPK_10_016830_00_AIANT_C.webp
Pokemon,16840,Applin,B3,19,C,normal,16840,10016840,cPK_10_016840_00_KAJICCHU_C.webp
Pokemon,16850,Flapple,B3,20,R,normal,16850,10016850,cPK_10_016850_00_APPRYU_R.webp
Pokemon,16860,Numel,B3,21,C,normal,16860,10016860,cPK_10_016860_00_DONMEL_C.webp
Pokemon,16870,Camerupt,B3,22,U,normal,16870,10016870,cPK_10_016870_00_BAKUUDA_U.webp
Pokemon,16880,Mega Camerupt ex,B3,23,RR,normal,16880,10016880,cPK_10_016880_00_MEGABAKUUDAex_RR.webp
Pokemon,16890,Castform Sunny Form,B3,24,C,normal,16890,10016890,cPK_10_016890_00_POWALENTAIYOUNOSUGATA_C.webp
Pokemon,16900,Victini,B3,25,R,normal,16900,10016900,cPK_10_016900_00_VICTINI_R.webp
Pokemon,16910,Tepig,B3,26,C,normal,16910,10016910,cPK_10_016910_00_POKABU_C.webp
Pokemon,16920,Pignite,B3,27,U,normal,16920,10016920,cPK_10_016920_00_CHAOBOO_U.webp
Pokemon,16930,Emboar,B3,28,R,normal,16930,10016930,cPK_10_016930_00_ENBUOH_R.webp
Pokemon,16940,Darumaka,B3,29,C,normal,16940,10016940,cPK_10_016940_00_DARUMAKKA_C.webp
Pokemon,16950,Darmanitan,B3,30,U,normal,16950,10016950,cPK_10_016950_00_HIHIDARUMA_U.webp
Pokemon,16960,Larvesta,B3,31,C,normal,16960,10016960,cPK_10_016960_00_MERLARVA_C.webp
Pokemon,16970,Volcarona,B3,32,U,normal,16970,10016970,cPK_10_016970_00_ULGAMOTH_U.webp
Pokemon,16980,Poliwag,B3,33,C,normal,16980,10016980,cPK_10_016980_00_NYOROMO_C.webp
Pokemon,16990,Poliwhirl,B3,34,U,normal,16990,10016990,cPK_10_016990_00_NYOROZO_U.webp
Pokemon,17000,Politoed,B3,35,R,normal,17000,10017000,cPK_10_017000_00_NYOROTONO_R.webp
Pokemon,17010,Paldean Tauros,B3,36,U,normal,17010,10017010,cPK_10_017010_00_PALDEAKENTAUROS_U.webp
Pokemon,17020,Vaporeon ex,B3,37,RR,normal,17020,10017020,cPK_10_017020_00_SHOWERSex_RR.webp
Pokemon,17030,Wooper,B3,38,C,normal,17030,10017030,cPK_10_017030_00_UPAH_C.webp
Pokemon,17040,Quagsire,B3,39,U,normal,17040,10017040,cPK_10_017040_00_NUOH_U.webp
Pokemon,17050,Castform Rainy Form,B3,40,C,normal,17050,10017050,cPK_10_017050_00_POWALENAMAMIZUNOSUGATA_C.webp
Pokemon,17060,Castform Snowy Form,B3,41,C,normal,17060,10017060,cPK_10_017060_00_POWALENYUKIGUMONOSUGATA_C.webp
Pokemon,17070,Clamperl,B3,42,C,normal,17070,10017070,cPK_10_017070_00_PEARLULU_C.webp
Pokemon,17080,Huntail,B3,43,U,normal,17080,10017080,cPK_10_017080_00_HUNTAIL_U.webp
Pokemon,17090,Gorebyss,B3,44,U,normal,17090,10017090,cPK_10_017090_00_SAKURABYSS_U.webp
Pokemon,17100,Regice,B3,45,U,normal,17100,10017100,cPK_10_017100_00_REGICE_U.webp
Pokemon,17110,Cubchoo,B3,46,C,normal,17110,10017110,cPK_10_017110_00_KUMASYUN_C.webp
Pokemon,17120,Beartic,B3,47,U,normal,17120,10017120,cPK_10_017120_00_TUNBEAR_U.webp
Pokemon,17130,Sobble,B3,48,C,normal,17130,10017130,cPK_10_017130_00_MESSON_C.webp
Pokemon,17140,Drizzile,B3,49,U,normal,17140,10017140,cPK_10_017140_00_JIMEREON_U.webp
Pokemon,17150,Inteleon,B3,50,R,normal,17150,10017150,cPK_10_017150_00_INTEREON_R.webp
Pokemon,17160,Rapid Strike Urshifu,B3,51,R,normal,17160,10017160,cPK_10_017160_00_WULAOSURENGEKINOKATA_R.webp
Pokemon,17170,Magnemite,B3,52,C,normal,17170,10017170,cPK_10_017170_00_COIL_C.webp
Pokemon,17180,Magneton,B3,53,U,normal,17180,10017180,cPK_10_017180_00_RARECOIL_U.webp
Pokemon,17190,Magnezone ex,B3,54,RR,normal,17190,10017190,cPK_10_017190_00_JIBACOILex_RR.webp
Pokemon,17200,Voltorb,B3,55,C,normal,17200,10017200,cPK_10_017200_00_BIRIRIDAMA_C.webp
Pokemon,17210,Electrode,B3,56,C,normal,17210,10017210,cPK_10_017210_00_MARUMINE_C.webp
Pokemon,17220,Chinchou,B3,57,C,normal,17220,10017220,cPK_10_017220_00_CHONCHIE_C.webp
Pokemon,17230,Lanturn,B3,58,U,normal,17230,10017230,cPK_10_017230_00_LANTERN_U.webp
Pokemon,17240,Zekrom,B3,59,R,normal,17240,10017240,cPK_10_017240_00_ZEKROM_R.webp
Pokemon,17250,Toxel,B3,60,C,normal,17250,10017250,cPK_10_017250_00_ELESON_C.webp
Pokemon,17260,Toxtricity,B3,61,R,normal,17260,10017260,cPK_10_017260_00_STRINDER_R.webp
Pokemon,17270,Morpeko,B3,62,C,normal,17270,10017270,cPK_10_017270_00_MORPEKO_C.webp
Pokemon,17280,Ralts,B3,63,C,normal,17280,10017280,cPK_10_017280_00_RALTS_C.webp
Pokemon,17290,Kirlia,B3,64,U,normal,17290,10017290,cPK_10_017290_00_KIRLIA_U.webp
Pokemon,17300,Espurr,B3,65,C,normal,17300,10017300,cPK_10_017300_00_NYASPER_C.webp
Pokemon,17310,Meowstic,B3,66,R,normal,17310,10017310,cPK_10_017310_00_NYAONIX_R.webp
Pokemon,17320,Diancie,B3,67,R,normal,17320,10017320,cPK_10_017320_00_DIANCIE_R.webp
Pokemon,17330,Oricorio,B3,68,C,normal,17330,10017330,cPK_10_017330_00_ODORIDORI_C.webp
Pokemon,17340,Hatenna,B3,69,C,normal,17340,10017340,cPK_10_017340_00_MIBRIM_C.webp
Pokemon,17350,Hattrem,B3,70,U,normal,17350,10017350,cPK_10_017350_00_TEBRIM_U.webp
Pokemon,17360,Hatterene,B3,71,R,normal,17360,10017360,cPK_10_017360_00_BRIMUON_R.webp
Pokemon,17370,Bramblin,B3,72,C,normal,17370,10017370,cPK_10_017370_00_ANOKUSA_C.webp
Pokemon,17380,Brambleghast,B3,73,R,normal,17380,10017380,cPK_10_017380_00_ANOHORAGUSA_R.webp
Pokemon,17390,Gligar,B3,74,C,normal,17390,10017390,cPK_10_017390_00_GLIGER_C.webp
Pokemon,17400,Gliscor,B3,75,U,normal,17400,10017400,cPK_10_017400_00_GLION_U.webp
Pokemon,17410,Trapinch,B3,76,C,normal,17410,10017410,cPK_10_017410_00_NUCKRAR_C.webp
Pokemon,17420,Regirock,B3,77,U,normal,17420,10017420,cPK_10_017420_00_REGIROCK_U.webp
Pokemon,17430,Bonsly,B3,78,R,normal,17430,10017430,cPK_10_017430_00_USOHACHI_R.webp
Pokemon,17440,Riolu,B3,79,C,normal,17440,10017440,cPK_10_017440_00_RIOLU_C.webp
Pokemon,17450,Lucario,B3,80,R,normal,17450,10017450,cPK_10_017450_00_LUCARIO_R.webp
Pokemon,17460,Mega Lucario ex,B3,81,RR,normal,17460,10017460,cPK_10_017460_00_MEGALUCARIOex_RR.webp
Pokemon,17470,Croagunk,B3,82,C,normal,17470,10017470,cPK_10_017470_00_GUREGGRU_C.webp
Pokemon,17480,Toxicroak,B3,83,U,normal,17480,10017480,cPK_10_017480_00_DOKUROG_U.webp
Pokemon,17490,Gallade,B3,84,R,normal,17490,10017490,cPK_10_017490_00_ERUREIDO_R.webp
Pokemon,17500,Throh,B3,85,C,normal,17500,10017500,cPK_10_017500_00_NAGEKI_C.webp
Pokemon,17510,Sawk,B3,86,C,normal,17510,10017510,cPK_10_017510_00_DAGEKI_C.webp
Pokemon,17520,Dwebble,B3,87,C,normal,17520,10017520,cPK_10_017520_00_ISHIZUMAI_C.webp
Pokemon,17530,Crustle ex,B3,88,RR,normal,17530,10017530,cPK_10_017530_00_IWAPALACEex_RR.webp
Pokemon,17540,Meloetta,B3,89,R,normal,17540,10017540,cPK_10_017540_00_MELOETTA_R.webp
Pokemon,17550,Stufful,B3,90,C,normal,17550,10017550,cPK_10_017550_00_NUIKOGUMA_C.webp
Pokemon,17560,Bewear,B3,91,U,normal,17560,10017560,cPK_10_017560_00_KITERUGUMA_U.webp
Pokemon,17570,Rolycoly,B3,92,C,normal,17570,10017570,cPK_10_017570_00_TANDON_C.webp
Pokemon,17580,Carkol,B3,93,U,normal,17580,10017580,cPK_10_017580_00_TOROGGON_U.webp
Pokemon,17590,Coalossal,B3,94,R,normal,17590,10017590,cPK_10_017590_00_SEKITANZAN_R.webp
Pokemon,17600,Silicobra,B3,95,C,normal,17600,10017600,cPK_10_017600_00_SUNAHEBI_C.webp
Pokemon,17610,Sandaconda,B3,96,U,normal,17610,10017610,cPK_10_017610_00_SADAIJA_U.webp
Pokemon,17620,Kubfu,B3,97,C,normal,17620,10017620,cPK_10_017620_00_DAKUMA_C.webp
Pokemon,17630,Zubat,B3,98,C,normal,17630,10017630,cPK_10_017630_00_ZUBAT_C.webp
Pokemon,17640,Golbat,B3,99,U,normal,17640,10017640,cPK_10_017640_00_GOLBAT_U.webp
Pokemon,17650,Crobat,B3,100,R,normal,17650,10017650,cPK_10_017650_00_CROBAT_R.webp
Pokemon,17660,Koffing,B3,101,C,normal,17660,10017660,cPK_10_017660_00_DOGARS_C.webp
Pokemon,17670,Weezing,B3,102,U,normal,17670,10017670,cPK_10_017670_00_MATADOGAS_U.webp
Pokemon,17680,Qwilfish,B3,103,C,normal,17680,10017680,cPK_10_017680_00_HARYSEN_C.webp
Pokemon,17690,Seviper,B3,104,C,normal,17690,10017690,cPK_10_017690_00_HABUNAKE_C.webp
Pokemon,17700,Zorua,B3,105,C,normal,17700,10017700,cPK_10_017700_00_ZORUA_C.webp
Pokemon,17710,Zoroark ex,B3,106,RR,normal,17710,10017710,cPK_10_017710_00_ZOROARKex_RR.webp
Pokemon,17720,Foongus,B3,107,C,normal,17720,10017720,cPK_10_017720_00_TAMAGETAKE_C.webp
Pokemon,17730,Amoonguss,B3,108,U,normal,17730,10017730,cPK_10_017730_00_MOROBARERU_U.webp
Pokemon,17740,Vullaby,B3,109,C,normal,17740,10017740,cPK_10_017740_00_VALCHAI_C.webp
Pokemon,17750,Mandibuzz,B3,110,U,normal,17750,10017750,cPK_10_017750_00_VULGINA_U.webp
Pokemon,17760,Inkay,B3,111,C,normal,17760,10017760,cPK_10_017760_00_MAAIIKA_C.webp
Pokemon,17770,Malamar,B3,112,U,normal,17770,10017770,cPK_10_017770_00_CALAMANERO_U.webp
Pokemon,17780,Single Strike Urshifu,B3,113,R,normal,17780,10017780,cPK_10_017780_00_WULAOSUICHIGEKINOKATA_R.webp
Pokemon,17790,Zarude,B3,114,R,normal,17790,10017790,cPK_10_017790_00_ZARUDE_R.webp
Pokemon,17800,Bombirdier,B3,115,R,normal,17800,10017800,cPK_10_017800_00_OTOSHIDORI_R.webp
Pokemon,17810,Registeel,B3,116,U,normal,17810,10017810,cPK_10_017810_00_REGISTEEL_U.webp
Pokemon,17820,Bronzor,B3,117,C,normal,17820,10017820,cPK_10_017820_00_DOHMIRROR_C.webp
Pokemon,17830,Bronzong,B3,118,U,normal,17830,10017830,cPK_10_017830_00_DOHTAKUN_U.webp
Pokemon,17840,Pawniard,B3,119,C,normal,17840,10017840,cPK_10_017840_00_KOMATANA_C.webp
Pokemon,17850,Bisharp,B3,120,U,normal,17850,10017850,cPK_10_017850_00_KIRIKIZAN_U.webp
Pokemon,17860,Magearna,B3,121,U,normal,17860,10017860,cPK_10_017860_00_MAGEARNA_U.webp
Pokemon,17870,Meltan,B3,122,C,normal,17870,10017870,cPK_10_017870_00_MELTAN_C.webp
Pokemon,17880,Melmetal,B3,123,R,normal,17880,10017880,cPK_10_017880_00_MELMETAL_R.webp
Pokemon,17890,Corviknight ex,B3,124,RR,normal,17890,10017890,cPK_10_017890_00_ARMORGAex_RR.webp
Pokemon,17900,Vibrava,B3,125,U,normal,17900,10017900,cPK_10_017900_00_VIBRAVA_U.webp
Pokemon,17910,Flygon ex,B3,126,RR,normal,17910,10017910,cPK_10_017910_00_FLYGONex_RR.webp
Pokemon,17920,Chansey,B3,127,C,normal,17920,10017920,cPK_10_017920_00_LUCKY_C.webp
Pokemon,17930,Blissey,B3,128,R,normal,17930,10017930,cPK_10_017930_00_HAPPINAS_R.webp
Pokemon,17940,Eevee,B3,129,C,normal,17940,10017940,cPK_10_017940_00_EIEVUI_C.webp
Pokemon,17950,Dunsparce,B3,130,R,normal,17950,10017950,cPK_10_017950_00_NOKOCCHI_R.webp
Pokemon,17960,Teddiursa,B3,131,C,normal,17960,10017960,cPK_10_017960_00_HIMEGUMA_C.webp
Pokemon,17970,Ursaring,B3,132,U,normal,17970,10017970,cPK_10_017970_00_RINGUMA_U.webp
Pokemon,17980,Castform,B3,133,C,normal,17980,10017980,cPK_10_017980_00_POWALEN_C.webp
Pokemon,17990,Regigigas,B3,134,R,normal,17990,10017990,cPK_10_017990_00_REGIGIGAS_R.webp
Pokemon,18000,Patrat,B3,135,C,normal,18000,10018000,cPK_10_018000_00_MINEZUMI_C.webp
Pokemon,18010,Watchog,B3,136,C,normal,18010,10018010,cPK_10_018010_00_MIRUHOG_C.webp
Pokemon,18020,Lillipup,B3,137,C,normal,18020,10018020,cPK_10_018020_00_YORTERRIE_C.webp
Pokemon,18030,Herdier,B3,138,U,normal,18030,10018030,cPK_10_018030_00_HERDERRIE_U.webp
Pokemon,18040,Stoutland,B3,139,R,normal,18040,10018040,cPK_10_018040_00_MOOLAND_R.webp
Pokemon,18050,Audino,B3,140,U,normal,18050,10018050,cPK_10_018050_00_TABUNNE_U.webp
Pokemon,18060,Mega Audino ex,B3,141,RR,normal,18060,10018060,cPK_10_018060_00_MEGATABUNNEex_RR.webp
Pokemon,18070,Minccino,B3,142,C,normal,18070,10018070,cPK_10_018070_00_CHILLARMY_C.webp
Pokemon,18080,Cinccino,B3,143,C,normal,18080,10018080,cPK_10_018080_00_CHILLACCINO_C.webp
Pokemon,18090,Furfrou,B3,144,U,normal,18090,10018090,cPK_10_018090_00_TRIMMIEN_U.webp
Pokemon,18100,Rookidee,B3,145,C,normal,18100,10018100,cPK_10_018100_00_KOKOGARA_C.webp
Pokemon,18110,Corvisquire,B3,146,U,normal,18110,10018110,cPK_10_018110_00_AOGARASU_U.webp
Pokemon,18160,Surskit,B3a,1,C,normal,18160,10018160,cPK_10_018160_00_AMETAMA_C.webp
Pokemon,18170,Masquerain,B3a,2,C,normal,18170,10018170,cPK_10_018170_00_AMEMOTH_C.webp
Pokemon,18180,Brute Bonnet,B3a,3,C,normal,18180,10018180,cPK_10_018180_00_ARABURUTAKE_C.webp
Pokemon,18190,Slither Wing,B3a,4,U,normal,18190,10018190,cPK_10_018190_00_CHIWOHAUHANE_U.webp
Pokemon,18200,Iron Moth,B3a,5,U,normal,18200,10018200,cPK_10_018200_00_TETSUNODOKUGA_U.webp
Pokemon,18210,Psyduck,B3a,6,C,normal,18210,10018210,cPK_10_018210_00_KODUCK_C.webp
Pokemon,18220,Golduck,B3a,7,C,normal,18220,10018220,cPK_10_018220_00_GOLDUCK_C.webp
Pokemon,18230,Vaporeon,B3a,8,U,normal,18230,10018230,cPK_10_018230_00_SHOWERS_U.webp
Pokemon,18240,Buizel,B3a,9,C,normal,18240,10018240,cPK_10_018240_00_BUOYSEL_C.webp
Pokemon,18250,Floatzel,B3a,10,C,normal,18250,10018250,cPK_10_018250_00_FLOAZEL_C.webp
Pokemon,18260,Snom,B3a,11,C,normal,18260,10018260,cPK_10_018260_00_YUKIHAMI_C.webp
Pokemon,18270,Frosmoth,B3a,12,C,normal,18270,10018270,cPK_10_018270_00_MOTHNOW_C.webp
Pokemon,18280,Iron Bundle ex,B3a,13,RR,normal,18280,10018280,cPK_10_018280_00_TETSUNOTSUTSUMIex_RR.webp
Pokemon,18290,Pawmi,B3a,14,C,normal,18290,10018290,cPK_10_018290_00_PAMO_C.webp
Pokemon,18300,Pawmo,B3a,15,C,normal,18300,10018300,cPK_10_018300_00_PAMOT_C.webp
Pokemon,18310,Pawmot,B3a,16,U,normal,18310,10018310,cPK_10_018310_00_PARMOT_U.webp
Pokemon,18320,Iron Hands,B3a,17,C,normal,18320,10018320,cPK_10_018320_00_TETSUNOKAINA_C.webp
Pokemon,18330,Iron Thorns,B3a,18,U,normal,18330,10018330,cPK_10_018330_00_TETSUNOIBARA_U.webp
Pokemon,18340,Miraidon ex,B3a,19,RR,normal,18340,10018340,cPK_10_018340_00_MIRAIDONex_RR.webp
Pokemon,18350,Espeon,B3a,20,U,normal,18350,10018350,cPK_10_018350_00_EIFIE_U.webp
Pokemon,18360,Flittle,B3a,21,C,normal,18360,10018360,cPK_10_018360_00_HIRAHINA_C.webp
Pokemon,18370,Espathra,B3a,22,U,normal,18370,10018370,cPK_10_018370_00_CUESPATRA_U.webp
Pokemon,18380,Greavard,B3a,23,C,normal,18380,10018380,cPK_10_018380_00_BOCHI_C.webp
Pokemon,18390,Houndstone,B3a,24,U,normal,18390,10018390,cPK_10_018390_00_HAKADOG_U.webp
Pokemon,18400,Scream Tail,B3a,25,C,normal,18400,10018400,cPK_10_018400_00_SAKEBUSHIPPO_C.webp
Pokemon,18410,Flutter Mane ex,B3a,26,RR,normal,18410,10018410,cPK_10_018410_00_HABATAKUKAMIex_RR.webp
Pokemon,18420,Iron Valiant,B3a,27,R,normal,18420,10018420,cPK_10_018420_00_TETSUNOBUJIN_R.webp
Pokemon,18430,Iron Leaves,B3a,28,R,normal,18430,10018430,cPK_10_018430_00_TETSUNOISAHA_R.webp
Pokemon,18440,Iron Boulder,B3a,29,R,normal,18440,10018440,cPK_10_018440_00_TETSUNOIWAO_R.webp
Pokemon,18450,Iron Crown,B3a,30,R,normal,18450,10018450,cPK_10_018450_00_TETSUNOKASHIRA_R.webp
Pokemon,18460,Nacli,B3a,31,C,normal,18460,10018460,cPK_10_018460_00_KOJIO_C.webp
Pokemon,18470,Naclstack,B3a,32,C,normal,18470,10018470,cPK_10_018470_00_JIODUMU_C.webp
Pokemon,18480,Garganacl,B3a,33,R,normal,18480,10018480,cPK_10_018480_00_KYOJIOHN_R.webp
Pokemon,18490,Great Tusk,B3a,34,U,normal,18490,10018490,cPK_10_018490_00_IDAINAKIBA_U.webp
Pokemon,18500,Sandy Shocks,B3a,35,U,normal,18500,10018500,cPK_10_018500_00_SUNANOKEGAWA_U.webp
Pokemon,18510,Koraidon ex,B3a,36,RR,normal,18510,10018510,cPK_10_018510_00_KORAIDONex_RR.webp
Pokemon,18520,Umbreon,B3a,37,U,normal,18520,10018520,cPK_10_018520_00_BRACKY_U.webp
Pokemon,18530,Sneasel,B3a,38,C,normal,18530,10018530,cPK_10_018530_00_NYULA_C.webp
Pokemon,18540,Weavile,B3a,39,U,normal,18540,10018540,cPK_10_018540_00_MANYULA_U.webp
Pokemon,18550,Sableye,B3a,40,U,normal,18550,10018550,cPK_10_018550_00_YAMIRAMI_U.webp
Pokemon,18560,Pawniard,B3a,41,C,normal,18560,10018560,cPK_10_018560_00_KOMATANA_C.webp
Pokemon,18570,Bisharp,B3a,42,C,normal,18570,10018570,cPK_10_018570_00_KIRIKIZAN_C.webp
Pokemon,18580,Kingambit,B3a,43,R,normal,18580,10018580,cPK_10_018580_00_DODOGEZAN_R.webp
Pokemon,18590,Glimmet,B3a,44,C,normal,18590,10018590,cPK_10_018590_00_KIRAME_C.webp
Pokemon,18600,Glimmora,B3a,45,R,normal,18600,10018600,cPK_10_018600_00_KIRAFLOR_R.webp
Pokemon,18610,Iron Jugulis,B3a,46,U,normal,18610,10018610,cPK_10_018610_00_TETSUNOKOUBE_U.webp
Pokemon,18620,Roaring Moon,B3a,47,R,normal,18620,10018620,cPK_10_018620_00_TODOROKUTSUKI_R.webp
Pokemon,18630,Corviknight,B3a,48,U,normal,18630,10018630,cPK_10_018630_00_ARMORGA_U.webp
Pokemon,18640,Cufant,B3a,49,C,normal,18640,10018640,cPK_10_018640_00_ZOUDOU_C.webp
Pokemon,18650,Copperajah,B3a,50,U,normal,18650,10018650,cPK_10_018650_00_DAIOUDOU_U.webp
Pokemon,18660,Iron Treads,B3a,51,U,normal,18660,10018660,cPK_10_018660_00_TETSUNOWADACHI_U.webp
Pokemon,18670,Altaria,B3a,52,U,normal,18670,10018670,cPK_10_018670_00_TYLTALIS_U.webp
Pokemon,18680,Walking Wake,B3a,53,R,normal,18680,10018680,cPK_10_018680_00_UNERUMINAMO_R.webp
Pokemon,18690,Gouging Fire,B3a,54,R,normal,18690,10018690,cPK_10_018690_00_UGATSUHOMURA_R.webp
Pokemon,18700,Raging Bolt,B3a,55,R,normal,18700,10018700,cPK_10_018700_00_TAKERURAIKO_R.webp
Pokemon,18710,Eevee,B3a,56,C,normal,18710,10018710,cPK_10_018710_00_EIEVUI_C.webp
Pokemon,18720,Girafarig,B3a,57,C,normal,18720,10018720,cPK_10_018720_00_KIRINRIKI_C.webp
Pokemon,18730,Farigiraf,B3a,58,C,normal,18730,10018730,cPK_10_018730_00_RIKIKIRIN_C.webp
Pokemon,18740,Dunsparce,B3a,59,U,normal,18740,10018740,cPK_10_018740_00_NOKOCCHI_U.webp
Pokemon,18750,Dudunsparce,B3a,60,R,normal,18750,10018750,cPK_10_018750_00_NOKOKOCCHI_R.webp
Pokemon,18760,Swablu,B3a,61,C,normal,18760,10018760,cPK_10_018760_00_TYLTTO_C.webp
Pokemon,18770,Rufflet,B3a,62,C,normal,18770,10018770,cPK_10_018770_00_WASHIBON_C.webp
Pokemon,18780,Braviary,B3a,63,C,normal,18780,10018780,cPK_10_018780_00_WARRGLE_C.webp
Pokemon,18790,Hawlucha,B3a,64,C,normal,18790,10018790,cPK_10_018790_00_LUCHABULL_C.webp
Pokemon,18800,Rookidee,B3a,65,C,normal,18800,10018800,cPK_10_018800_00_KOKOGARA_C.webp
Pokemon,18810,Corvisquire,B3a,66,C,normal,18810,10018810,cPK_10_018810_00_AOGARASU_C.webp
Pokemon,18820,Flamigo,B3a,67,C,normal,18820,10018820,cPK_10_018820_00_KARAMINGO_C.webp
Pokemon,18830,Terapagos ex,B3a,68,RR,normal,18830,10018830,cPK_10_018830_00_TERAPAGOSex_RR.webp
Pokemon,18860,Zygarde,PROMO-B,51,C,promo-only,18860,10018860,cPK_90_018860_00_ZYGARDE10%EF%BC%85FORME_C.webp
Pokemon,18870,Zygarde,PROMO-B,52,R,promo-only,18870,10018870,cPK_90_018870_00_ZYGARDE50%EF%BC%85FORME_R.webp
Pokemon,18880,Zygarde ex,PROMO-B,53,RR,promo-only,18880,10018880,cPK_90_018880_00_ZYGARDEPERFECTFORMEex_RR.webp
Pokemon,18900,Mega Heracross ex,PROMO-B,56,RR,promo-only,18900,10018900,cPK_90_018900_00_MEGAHERACROSex_RR.webp
Pokemon,18910,Tepig,PROMO-B,58,C,promo-only,18910,10018910,cPK_90_018910_00_POKABU_C.webp
Pokemon,18920,Dwebble,PROMO-B,59,C,promo-only,18920,10018920,cPK_90_018920_00_ISHIZUMAI_C.webp
Pokemon,18930,Charcadet,PROMO-B,64,C,promo-only,18930,10018930,cPK_90_018930_00_CARBOU_C.webp
Pokemon,18940,Ceruledge ex,PROMO-B,66,RR,promo-only,18940,10018940,cPK_90_018940_00_SOUBLADESex_RR.webp
Pokemon,18950,Pawniard,PROMO-B,67,C,promo-only,18950,10018950,cPK_90_018950_00_KOMATANA_C.webp
Pokemon,18960,Feebas,PROMO-B,72,C,promo-only,18960,10018960,cPK_90_018960_00_HINBASS_C.webp
Pokemon,18970,Froslass,B3b,17,R,normal,18970,10018970,cPK_10_018970_00_YUKIMENOKO_R.webp
Pokemon,18980,Raichu,B3b,22,U,normal,18980,10018980,cPK_10_018980_00_RAICHU_U.webp
Pokemon,18990,Quagsire,PROMO-B,75,C,promo-only,18990,10018990,cPK_90_018990_00_NUOH_C.webp
Pokemon,19000,Hisuian Zorua,B3b,59,C,normal,19000,10019000,cPK_10_019000_00_HISUIZORUA_C.webp
Pokemon,19010,Growlithe,B3b,10,C,normal,19010,10019010,cPK_10_019010_00_GARDIE_C.webp
Pokemon,19020,Emolga,B3b,23,C,normal,19020,10019020,cPK_10_019020_00_EMOLGA_C.webp
Pokemon,19030,Psyduck,B3b,11,C,normal,19030,10019030,cPK_10_019030_00_KODUCK_C.webp
Pokemon,19040,Caterpie,B3b,1,C,normal,19040,10019040,cPK_10_019040_00_CATERPIE_C.webp
Pokemon,19050,Metapod,B3b,2,U,normal,19050,10019050,cPK_10_019050_00_TRANSEL_U.webp
Pokemon,19060,Butterfree,B3b,3,R,normal,19060,10019060,cPK_10_019060_00_BUTTERFREE_R.webp
Pokemon,19070,Cacnea,B3b,4,C,normal,19070,10019070,cPK_10_019070_00_SABONEA_C.webp
Pokemon,19080,Tropius,B3b,5,U,normal,19080,10019080,cPK_10_019080_00_TROPIUS_U.webp
Pokemon,19090,Petilil,B3b,6,C,normal,19090,10019090,cPK_10_019090_00_CHURINE_C.webp
Pokemon,19100,Hisuian Lilligant,B3b,7,U,normal,19100,10019100,cPK_10_019100_00_HISUIDREDEAR_U.webp
Pokemon,19110,Vulpix,B3b,8,C,normal,19110,10019110,cPK_10_019110_00_ROKON_C.webp
Pokemon,19120,Ninetales,B3b,9,U,normal,19120,10019120,cPK_10_019120_00_KYUKON_U.webp
Pokemon,19130,Goldeen,B3b,12,C,normal,19130,10019130,cPK_10_019130_00_TOSAKINTO_C.webp
Pokemon,19140,Seaking,B3b,13,U,normal,19140,10019140,cPK_10_019140_00_AZUMAO_U.webp
Pokemon,19150,Feebas,B3b,14,C,normal,19150,10019150,cPK_10_019150_00_HINBASS_C.webp
Pokemon,19160,Milotic ex,B3b,15,RR,normal,19160,10019160,cPK_10_019160_00_MILOKAROSSex_RR.webp
Pokemon,19170,Snorunt,B3b,16,C,normal,19170,10019170,cPK_10_019170_00_YUKIWARASHI_C.webp
Pokemon,19180,Luvdisc,B3b,18,C,normal,19180,10019180,cPK_10_019180_00_LOVECUS_C.webp
Pokemon,19190,Piplup,B3b,19,C,normal,19190,10019190,cPK_10_019190_00_POCHAMA_C.webp
Pokemon,19200,Iron Bundle,B3b,20,U,normal,19200,10019200,cPK_10_019200_00_TETSUNOTSUTSUMI_U.webp
Pokemon,19210,Pikachu,B3b,21,C,normal,19210,10019210,cPK_10_019210_00_PIKACHU_C.webp
Pokemon,19220,Dedenne ex,B3b,24,RR,normal,19220,10019220,cPK_10_019220_00_DEDENNEex_RR.webp
Pokemon,19230,Yamper,B3b,25,C,normal,19230,10019230,cPK_10_019230_00_WANPACHI_C.webp
Pokemon,19240,Slowpoke,B3b,26,C,normal,19240,10019240,cPK_10_019240_00_YADON_C.webp
Pokemon,19250,Slowbro,B3b,27,U,normal,19250,10019250,cPK_10_019250_00_YADORAN_U.webp
Pokemon,19260,Munna,B3b,28,C,normal,19260,10019260,cPK_10_019260_00_MUNNA_C.webp
Pokemon,19270,Musharna,B3b,29,U,normal,19270,10019270,cPK_10_019270_00_MUSHARNA_U.webp
Pokemon,19280,Sylveon,B3b,30,R,normal,19280,10019280,cPK_10_019280_00_NYMPHIA_R.webp
Pokemon,19290,Carbink,B3b,31,U,normal,19290,10019290,cPK_10_019290_00_MELECIE_U.webp
Pokemon,19300,Mega Diancie ex,B3b,32,RR,normal,19300,10019300,cPK_10_019300_00_MEGADIANCIEex_RR.webp
Pokemon,19310,Enamorus,B3b,33,R,normal,19310,10019310,cPK_10_019310_00_LOVETOLOS_R.webp
Pokemon,19320,Fidough,B3b,34,C,normal,19320,10019320,cPK_10_019320_00_PUPIMOCCHI_C.webp
Pokemon,19330,Flutter Mane,B3b,35,U,normal,19330,10019330,cPK_10_019330_00_HABATAKUKAMI_U.webp
Pokemon,19340,Wooper,B3b,36,C,normal,19340,10019340,cPK_10_019340_00_UPAH_C.webp
Pokemon,19350,Quagsire,B3b,37,U,normal,19350,10019350,cPK_10_019350_00_NUOH_U.webp
Pokemon,19360,Rockruff,B3b,38,C,normal,19360,10019360,cPK_10_019360_00_IWANKO_C.webp
Pokemon,19370,Sandygast,B3b,39,C,normal,19370,10019370,cPK_10_019370_00_SUNABA_C.webp
Pokemon,19380,Palossand,B3b,40,U,normal,19380,10019380,cPK_10_019380_00_SIRODETHNA_U.webp
Pokemon,19390,Mega Sableye ex,B3b,41,RR,normal,19390,10019390,cPK_10_019390_00_MEGAYAMIRAMIex_RR.webp
Pokemon,19400,Cacturne,B3b,42,U,normal,19400,10019400,cPK_10_019400_00_NOCTUS_U.webp
Pokemon,19410,Spiritomb,B3b,43,U,normal,19410,10019410,cPK_10_019410_00_MIKARUGE_U.webp
Pokemon,19420,Scraggy,B3b,44,C,normal,19420,10019420,cPK_10_019420_00_ZURUGGU_C.webp
Pokemon,19430,Scrafty,B3b,45,U,normal,19430,10019430,cPK_10_019430_00_ZURUZUKIN_U.webp
Pokemon,19440,Mareanie,B3b,46,C,normal,19440,10019440,cPK_10_019440_00_HIDOIDE_C.webp
Pokemon,19450,Toxapex,B3b,47,U,normal,19450,10019450,cPK_10_019450_00_DOHIDOIDE_U.webp
Pokemon,19460,Goomy,B3b,48,C,normal,19460,10019460,cPK_10_019460_00_NUMERA_C.webp
Pokemon,19470,Hisuian Sliggoo,B3b,49,U,normal,19470,10019470,cPK_10_019470_00_HISUINUMEIL_U.webp
Pokemon,19480,Hisuian Goodra,B3b,50,R,normal,19480,10019480,cPK_10_019480_00_HISUINUMELGON_R.webp
Pokemon,19490,Jigglypuff,B3b,51,C,normal,19490,10019490,cPK_10_019490_00_PURIN_C.webp
Pokemon,19500,Wigglytuff,B3b,52,U,normal,19500,10019500,cPK_10_019500_00_PUKURIN_U.webp
Pokemon,19510,Eevee,B3b,53,C,normal,19510,10019510,cPK_10_019510_00_EIEVUI_C.webp
Pokemon,19520,Munchlax,B3b,54,R,normal,19520,10019520,cPK_10_019520_00_GONBE_R.webp
Pokemon,19530,Snorlax,B3b,55,R,normal,19530,10019530,cPK_10_019530_00_KABIGON_R.webp
Pokemon,19540,Teddiursa,B3b,56,C,normal,19540,10019540,cPK_10_019540_00_HIMEGUMA_C.webp
Pokemon,19550,Ursaring,B3b,57,U,normal,19550,10019550,cPK_10_019550_00_RINGUMA_U.webp
Pokemon,19560,Ursaluna,B3b,58,R,normal,19560,10019560,cPK_10_019560_00_GACHIGUMA_R.webp
Pokemon,19570,Hisuian Zoroark ex,B3b,60,RR,normal,19570,10019570,cPK_10_019570_00_HISUIZOROARKex_RR.webp
Pokemon,19580,Furfrou,B3b,61,C,normal,19580,10019580,cPK_10_019580_00_TRIMMIEN_C.webp
Pokemon,19590,Skwovet,B3b,62,C,normal,19590,10019590,cPK_10_019590_00_HOSHIGARISU_C.webp
Pokemon,19600,Greedent,B3b,63,U,normal,19600,10019600,cPK_10_019600_00_YOKUBARISU_U.webp
Pokemon,19620,Wurmple,B4,1,C,normal,19620,10019620,cPK_10_019620_00_KEMUSSO_C.webp
Pokemon,19630,Silcoon,B4,2,C,normal,19630,10019630,cPK_10_019630_00_KARASALIS_C.webp
Pokemon,19640,Beautifly,B4,3,U,normal,19640,10019640,cPK_10_019640_00_AGEHUNT_U.webp
Pokemon,19650,Cascoon,B4,4,C,normal,19650,10019650,cPK_10_019650_00_MAYULD_C.webp
Pokemon,19660,Dustox,B4,5,R,normal,19660,10019660,cPK_10_019660_00_DOKUCALE_R.webp
Pokemon,19670,Lileep,B4,6,U,normal,19670,10019670,cPK_10_019670_00_LILYLA_U.webp
Pokemon,19680,Cradily,B4,7,R,normal,19680,10019680,cPK_10_019680_00_YURADLE_R.webp
Pokemon,19690,Kricketot,B4,8,C,normal,19690,10019690,cPK_10_019690_00_KOROBOHSHI_C.webp
Pokemon,19700,Kricketune,B4,9,C,normal,19700,10019700,cPK_10_019700_00_KOROTOCK_C.webp
Pokemon,19710,Combee,B4,10,C,normal,19710,10019710,cPK_10_019710_00_MITSUHONEY_C.webp
Pokemon,19720,Vespiquen ex,B4,11,RR,normal,19720,10019720,cPK_10_019720_00_BEEQUENex_RR.webp
Pokemon,19730,Karrablast,B4,12,C,normal,19730,10019730,cPK_10_019730_00_KABURUMO_C.webp
Pokemon,19740,Shelmet,B4,13,C,normal,19740,10019740,cPK_10_019740_00_CHOBOMAKI_C.webp
Pokemon,19750,Accelgor,B4,14,R,normal,19750,10019750,cPK_10_019750_00_AGILDER_R.webp
Pokemon,19760,Dhelmise,B4,15,C,normal,19760,10019760,cPK_10_019760_00_DADARIN_C.webp
Pokemon,19770,Pheromosa,B4,16,U,normal,19770,10019770,cPK_10_019770_00_PHEROACHE_U.webp
Pokemon,19780,Poltchageist,B4,17,C,normal,19780,10019780,cPK_10_019780_00_CHADEATH_C.webp
Pokemon,19790,Sinistcha,B4,18,U,normal,19790,10019790,cPK_10_019790_00_YABASOCHA_U.webp
Pokemon,19800,Teal MaskOgerpon,B4,19,R,normal,19800,10019800,cPK_10_019800_00_OGERPONMIDORINOMEN_R.webp
Pokemon,19810,Ponyta,B4,20,C,normal,19810,10019810,cPK_10_019810_00_PONYTA_C.webp
Pokemon,19820,Rapidash,B4,21,U,normal,19820,10019820,cPK_10_019820_00_GALLOP_U.webp
Pokemon,19830,Flareon,B4,22,U,normal,19830,10019830,cPK_10_019830_00_BOOSTER_U.webp
Pokemon,19840,Moltres,B4,23,R,normal,19840,10019840,cPK_10_019840_00_FIRE_R.webp
Pokemon,19850,Cyndaquil,B4,24,C,normal,19850,10019850,cPK_10_019850_00_HINOARASHI_C.webp
Pokemon,19860,Quilava,B4,25,U,normal,19860,10019860,cPK_10_019860_00_MAGMARASHI_U.webp
Pokemon,19870,Typhlosion ex,B4,26,RR,normal,19870,10019870,cPK_10_019870_00_BAKPHOONex_RR.webp
Pokemon,19880,Houndour,B4,27,C,normal,19880,10019880,cPK_10_019880_00_DELVIL_C.webp
Pokemon,19890,Houndoom,B4,28,U,normal,19890,10019890,cPK_10_019890_00_HELLGAR_U.webp
Pokemon,19900,Heatmor,B4,29,C,normal,19900,10019900,cPK_10_019900_00_KUITARAN_C.webp
Pokemon,19910,Psyduck,B4,30,C,normal,19910,10019910,cPK_10_019910_00_KODUCK_C.webp
Pokemon,19920,Golduck,B4,31,C,normal,19920,10019920,cPK_10_019920_00_GOLDUCK_C.webp
Pokemon,19930,Staryu,B4,32,C,normal,19930,10019930,cPK_10_019930_00_HITODEMAN_C.webp
Pokemon,19940,Starmie,B4,33,U,normal,19940,10019940,cPK_10_019940_00_STARMIE_U.webp
Pokemon,19950,Carvanha,B4,34,C,normal,19950,10019950,cPK_10_019950_00_KIBANHA_C.webp
Pokemon,19960,Mega Sharpedo ex,B4,35,RR,normal,19960,10019960,cPK_10_019960_00_MEGASAMEHADERex_RR.webp
Pokemon,19970,Wailmer,B4,36,C,normal,19970,10019970,cPK_10_019970_00_HOERUKO_C.webp
Pokemon,19980,Wailord ex,B4,37,RR,normal,19980,10019980,cPK_10_019980_00_WHALOHex_RR.webp
Pokemon,19990,Spheal,B4,38,C,normal,19990,10019990,cPK_10_019990_00_TAMAZARASHI_C.webp
Pokemon,20000,Sealeo,B4,39,U,normal,20000,10020000,cPK_10_020000_00_TODOGGLER_U.webp
Pokemon,20010,Walrein,B4,40,R,normal,20010,10020010,cPK_10_020010_00_TODOSERUGA_R.webp
Pokemon,20020,Kyogre,B4,41,R,normal,20020,10020020,cPK_10_020020_00_KYOGRE_R.webp
Pokemon,20030,Oshawott,B4,42,C,normal,20030,10020030,cPK_10_020030_00_MIJUMARU_C.webp
Pokemon,20040,Dewott,B4,43,U,normal,20040,10020040,cPK_10_020040_00_FUTACHIMARU_U.webp
Pokemon,20050,Samurott,B4,44,R,normal,20050,10020050,cPK_10_020050_00_DAIKENKI_R.webp
Pokemon,20060,Alomomola,B4,45,U,normal,20060,10020060,cPK_10_020060_00_MAMANBOU_U.webp
Pokemon,20070,Dewpider,B4,46,C,normal,20070,10020070,cPK_10_020070_00_SHIZUKUMO_C.webp
Pokemon,20080,Araquanid,B4,47,U,normal,20080,10020080,cPK_10_020080_00_ONISHIZUKUMO_U.webp
Pokemon,20090,Bruxish,B4,48,C,normal,20090,10020090,cPK_10_020090_00_HAGIGISHIRI_C.webp
Pokemon,20100,Pikachu,B4,49,C,normal,20100,10020100,cPK_10_020100_00_PIKACHU_C.webp
Pokemon,20110,Raichu,B4,50,R,normal,20110,10020110,cPK_10_020110_00_RAICHU_R.webp
Pokemon,20120,Shinx,B4,51,C,normal,20120,10020120,cPK_10_020120_00_KOLINK_C.webp
Pokemon,20130,Luxio,B4,52,U,normal,20130,10020130,cPK_10_020130_00_LUXIO_U.webp
Pokemon,20140,Luxray,B4,53,R,normal,20140,10020140,cPK_10_020140_00_RENTORAR_R.webp
Pokemon,20150,Pachirisu,B4,54,C,normal,20150,10020150,cPK_10_020150_00_PACHIRISU_C.webp
Pokemon,20160,Rotom ex,B4,55,RR,normal,20160,10020160,cPK_10_020160_00_ROTOMex_RR.webp
Pokemon,20170,Tynamo,B4,56,C,normal,20170,10020170,cPK_10_020170_00_SHIBISHIRASU_C.webp
Pokemon,20180,Eelektrik,B4,57,C,normal,20180,10020180,cPK_10_020180_00_SHIBIBEEL_C.webp
Pokemon,20190,Eelektross,B4,58,U,normal,20190,10020190,cPK_10_020190_00_SHIBIRUDON_U.webp
Pokemon,20200,Thundurus,B4,59,R,normal,20200,10020200,cPK_10_020200_00_VOLTOLOS_R.webp
Pokemon,20210,Helioptile,B4,60,C,normal,20210,10020210,cPK_10_020210_00_ERIKITERU_C.webp
Pokemon,20220,Heliolisk,B4,61,U,normal,20220,10020220,cPK_10_020220_00_ELEZARD_U.webp
Pokemon,20230,Wattrel,B4,62,C,normal,20230,10020230,cPK_10_020230_00_KAIDEN_C.webp
Pokemon,20240,Kilowattrel,B4,63,U,normal,20240,10020240,cPK_10_020240_00_TAIKAIDEN_U.webp
Pokemon,20250,Clefairy,B4,64,C,normal,20250,10020250,cPK_10_020250_00_PIPPI_C.webp
Pokemon,20260,Clefable,B4,65,C,normal,20260,10020260,cPK_10_020260_00_PIXY_C.webp
Pokemon,20270,Drowzee,B4,66,C,normal,20270,10020270,cPK_10_020270_00_SLEEPE_C.webp
Pokemon,20280,Hypno,B4,67,U,normal,20280,10020280,cPK_10_020280_00_SLEEPER_U.webp
Pokemon,20290,Mime Jr.,B4,68,R,normal,20290,10020290,cPK_10_020290_00_MANENE_R.webp
Pokemon,20300,Mr. Mime,B4,69,C,normal,20300,10020300,cPK_10_020300_00_BARRIERD_C.webp
Pokemon,20310,Mewtwo,B4,70,R,normal,20310,10020310,cPK_10_020310_00_MEWTWO_R.webp
Pokemon,20320,Ralts,B4,71,C,normal,20320,10020320,cPK_10_020320_00_RALTS_C.webp
Pokemon,20330,Kirlia,B4,72,U,normal,20330,10020330,cPK_10_020330_00_KIRLIA_U.webp
Pokemon,20340,Chimecho,B4,73,C,normal,20340,10020340,cPK_10_020340_00_CHIREAN_C.webp
Pokemon,20350,Wynaut,B4,74,R,normal,20350,10020350,cPK_10_020350_00_SOHNANO_R.webp
Pokemon,20360,Woobat,B4,75,C,normal,20360,10020360,cPK_10_020360_00_KOROMORI_C.webp
Pokemon,20370,Swoobat,B4,76,C,normal,20370,10020370,cPK_10_020370_00_KOKOROMORI_C.webp
Pokemon,20380,Hoopa,B4,77,U,normal,20380,10020380,cPK_10_020380_00_HOOPA_U.webp
Pokemon,20390,Oricorio,B4,78,U,normal,20390,10020390,cPK_10_020390_00_ODORIDORI_U.webp
Pokemon,20400,Makuhita,B4,79,C,normal,20400,10020400,cPK_10_020400_00_MAKUNOSHITA_C.webp
Pokemon,20410,Hariyama,B4,80,U,normal,20410,10020410,cPK_10_020410_00_HARITEYAMA_U.webp
Pokemon,20420,Anorith,B4,81,U,normal,20420,10020420,cPK_10_020420_00_ANOPTH_U.webp
Pokemon,20430,Armaldo,B4,82,R,normal,20430,10020430,cPK_10_020430_00_ARMALDO_R.webp
Pokemon,20440,Groudon,B4,83,R,normal,20440,10020440,cPK_10_020440_00_GROUDON_R.webp
Pokemon,20450,Mega Gallade ex,B4,84,RR,normal,20450,10020450,cPK_10_020450_00_MEGAERUREIDOex_RR.webp
Pokemon,20460,Drilbur,B4,85,C,normal,20460,10020460,cPK_10_020460_00_MOGUREW_C.webp
Pokemon,20470,Excadrill,B4,86,U,normal,20470,10020470,cPK_10_020470_00_DORYUZU_U.webp
Pokemon,20480,Timburr,B4,87,C,normal,20480,10020480,cPK_10_020480_00_DOKKORER_C.webp
Pokemon,20490,Gurdurr,B4,88,U,normal,20490,10020490,cPK_10_020490_00_DOTEKKOTSU_U.webp
Pokemon,20500,Conkeldurr,B4,89,R,normal,20500,10020500,cPK_10_020500_00_ROUBUSHIN_R.webp
Pokemon,20510,Minior,B4,90,C,normal,20510,10020510,cPK_10_020510_00_METENO_C.webp
Pokemon,20520,Grimer,B4,91,C,normal,20520,10020520,cPK_10_020520_00_BETBETER_C.webp
Pokemon,20530,Muk,B4,92,U,normal,20530,10020530,cPK_10_020530_00_BETBETON_U.webp
Pokemon,20540,Poochyena,B4,93,C,normal,20540,10020540,cPK_10_020540_00_POCHIENA_C.webp
Pokemon,20550,Mightyena,B4,94,C,normal,20550,10020550,cPK_10_020550_00_GRAENA_C.webp
Pokemon,20560,GalarianZigzagoon,B4,95,C,normal,20560,10020560,cPK_10_020560_00_GALARJIGUZAGUMA_C.webp
Pokemon,20570,GalarianLinoone,B4,96,U,normal,20570,10020570,cPK_10_020570_00_GALARMASSUGUMA_U.webp
Pokemon,20580,GalarianObstagoon,B4,97,R,normal,20580,10020580,cPK_10_020580_00_GALARTACHIFUSAGUMA_R.webp
Pokemon,20590,Gulpin,B4,98,C,normal,20590,10020590,cPK_10_020590_00_GOKULIN_C.webp
Pokemon,20600,Swalot,B4,99,U,normal,20600,10020600,cPK_10_020600_00_MARUNOOM_U.webp
Pokemon,20610,Absol,B4,100,U,normal,20610,10020610,cPK_10_020610_00_ABSOL_U.webp
Pokemon,20620,Vullaby,B4,101,C,normal,20620,10020620,cPK_10_020620_00_VALCHAI_C.webp
Pokemon,20630,Mandibuzz,B4,102,U,normal,20630,10020630,cPK_10_020630_00_VULGINA_U.webp
Pokemon,20640,Hoopa ex,B4,103,RR,normal,20640,10020640,cPK_10_020640_00_HOOPAex_RR.webp
Pokemon,20650,Skarmory,B4,104,C,normal,20650,10020650,cPK_10_020650_00_AIRMD_C.webp
Pokemon,20660,Mawile,B4,105,C,normal,20660,10020660,cPK_10_020660_00_KUCHEAT_C.webp
Pokemon,20670,Beldum,B4,106,C,normal,20670,10020670,cPK_10_020670_00_DUMBBER_C.webp
Pokemon,20680,Metang,B4,107,U,normal,20680,10020680,cPK_10_020680_00_METANG_U.webp
Pokemon,20690,Metagross,B4,108,R,normal,20690,10020690,cPK_10_020690_00_METAGROSS_R.webp
Pokemon,20700,Mega Metagross ex,B4,109,RR,normal,20700,10020700,cPK_10_020700_00_MEGAMETAGROSSex_RR.webp
Pokemon,20710,Escavalier,B4,110,U,normal,20710,10020710,cPK_10_020710_00_CHEVARGO_U.webp
Pokemon,20720,Genesect,B4,111,R,normal,20720,10020720,cPK_10_020720_00_GENESECT_R.webp
Pokemon,20730,Duraludon,B4,112,U,normal,20730,10020730,cPK_10_020730_00_DURALUDON_U.webp
Pokemon,20740,Archaludon,B4,113,R,normal,20740,10020740,cPK_10_020740_00_BRIDURAS_R.webp
Pokemon,20750,Varoom,B4,114,C,normal,20750,10020750,cPK_10_020750_00_BURORON_C.webp
Pokemon,20760,Revavroom,B4,115,R,normal,20760,10020760,cPK_10_020760_00_BUROROROOM_R.webp
Pokemon,20770,Dratini,B4,116,C,normal,20770,10020770,cPK_10_020770_00_MINIRYU_C.webp
Pokemon,20780,Dragonair,B4,117,U,normal,20780,10020780,cPK_10_020780_00_HAKURYU_U.webp
Pokemon,20790,Dragonite,B4,118,R,normal,20790,10020790,cPK_10_020790_00_KAIRYU_R.webp
Pokemon,20800,Rayquaza,B4,119,R,normal,20800,10020800,cPK_10_020800_00_RAYQUAZA_R.webp
Pokemon,20810,Mega Rayquaza ex,B4,120,RR,normal,20810,10020810,cPK_10_020810_00_MEGARAYQUAZAex_RR.webp
Pokemon,20820,Noibat,B4,121,C,normal,20820,10020820,cPK_10_020820_00_ONBAT_C.webp
Pokemon,20830,Noivern,B4,122,R,normal,20830,10020830,cPK_10_020830_00_ONVERN_R.webp
Pokemon,20840,Turtonator,B4,123,U,normal,20840,10020840,cPK_10_020840_00_BAKUGAMES_U.webp
Pokemon,20850,Drampa,B4,124,U,normal,20850,10020850,cPK_10_020850_00_JIJILONG_U.webp
Pokemon,20860,Applin,B4,125,C,normal,20860,10020860,cPK_10_020860_00_KAJICCHU_C.webp
Pokemon,20870,Dipplin,B4,126,U,normal,20870,10020870,cPK_10_020870_00_KAMICCHU_U.webp
Pokemon,20880,Hydrapple,B4,127,R,normal,20880,10020880,cPK_10_020880_00_KAMITSUOROCHI_R.webp
Pokemon,20890,Cyclizar,B4,128,U,normal,20890,10020890,cPK_10_020890_00_MOTOTOKAGE_U.webp
Pokemon,20900,Rattata,B4,129,C,normal,20900,10020900,cPK_10_020900_00_KORATTA_C.webp
Pokemon,20910,Raticate,B4,130,R,normal,20910,10020910,cPK_10_020910_00_RATTA_R.webp
Pokemon,20920,Eevee,B4,131,C,normal,20920,10020920,cPK_10_020920_00_EIEVUI_C.webp
Pokemon,20930,Aipom,B4,132,C,normal,20930,10020930,cPK_10_020930_00_EIPAM_C.webp
Pokemon,20940,Ambipom,B4,133,C,normal,20940,10020940,cPK_10_020940_00_ETEBOTH_C.webp
Pokemon,20950,Skitty,B4,134,C,normal,20950,10020950,cPK_10_020950_00_ENECO_C.webp
Pokemon,20960,Delcatty,B4,135,U,normal,20960,10020960,cPK_10_020960_00_ENEKORORO_U.webp
Pokemon,20970,Kecleon,B4,136,C,normal,20970,10020970,cPK_10_020970_00_KAKUREON_C.webp
Pokemon,20980,Pidove,B4,137,C,normal,20980,10020980,cPK_10_020980_00_MAMEPATO_C.webp
Pokemon,20990,Tranquill,B4,138,C,normal,20990,10020990,cPK_10_020990_00_HATOBOH_C.webp
Pokemon,21000,Unfezant,B4,139,U,normal,21000,10021000,cPK_10_021000_00_KENHALLOW_U.webp
Pokemon,21010,Ducklett,B4,140,C,normal,21010,10021010,cPK_10_021010_00_KOARUHIE_C.webp
Pokemon,21020,Swanna ex,B4,141,RR,normal,21020,10021020,cPK_10_021020_00_SWANNAex_RR.webp
Pokemon,21030,Furfrou,B4,142,U,normal,21030,10021030,cPK_10_021030_00_TRIMMIEN_U.webp
Pokemon,21040,Type: Null,B4,143,U,normal,21040,10021040,cPK_10_021040_00_TYPENULL_U.webp
Pokemon,21050,Silvally,B4,144,R,normal,21050,10021050,cPK_10_021050_00_SILVADY_R.webp
Pokemon,21060,Mega Houndoom ex,PROMO-B,80,RR,promo-only,21060,10021060,cPK_90_021060_00_MEGAHELLGARex_RR.webp
Pokemon,21070,Carvanha,PROMO-B,81,C,promo-only,21070,10021070,cPK_90_021070_00_KIBANHA_C.webp
Pokemon,21080,Skitty,PROMO-B,84,C,promo-only,21080,10021080,cPK_90_021080_00_ENECO_C.webp
Trainer,10,Potion,PROMO-A,1,C,promo-only,10,10000010,cTR_90_000010_00_KIZUGUSURI_C.webp
Trainer,20,X Speed,PROMO-A,2,C,promo-only,20,10000020,cTR_90_000020_00_SPEEDER_C.webp
Trainer,30,Poké Ball,PROMO-A,5,C,promo-only,30,10000030,cTR_90_000030_00_MONSTERBALL_C.webp
Trainer,40,Professor’s Research,PROMO-A,7,C,promo-only,40,10000040,cTR_90_000040_00_HAKASENOKENKYU_C.webp
Trainer,50,Hand Scope,PROMO-A,3,C,promo-only,50,10000050,cTR_90_000050_00_HANDSCOPE_C.webp
Trainer,60,Pokédex,PROMO-A,4,C,promo-only,60,10000060,cTR_90_000060_00_POKEMONZUKAN_C.webp
Trainer,70,Red Card,PROMO-A,6,C,promo-only,70,10000070,cTR_90_000070_00_REDCARD_C.webp
Trainer,80,Helix Fossil,A1,216,C,normal,80,10000080,cTR_10_000080_00_KAINOKASEKI_C.webp
Trainer,90,Dome Fossil,A1,217,C,normal,90,10000090,cTR_10_000090_00_KOURANOKASEKI_C.webp
Trainer,100,Old Amber,A1,218,C,normal,100,10000100,cTR_10_000100_00_HIMITSUNOKOHAKU_C.webp
Trainer,110,Erika,A1,219,U,normal,110,10000110,cTR_10_000110_00_ERIKA_U.webp
Trainer,120,Misty,A1,220,U,normal,120,10000120,cTR_10_000120_00_KASUMI_U.webp
Trainer,130,Blaine,A1,221,U,normal,130,10000130,cTR_10_000130_00_KATSURA_U.webp
Trainer,140,Koga,A1,222,U,normal,140,10000140,cTR_10_000140_00_KYOU_U.webp
Trainer,150,Giovanni,A1,223,U,normal,150,10000150,cTR_10_000150_00_SAKAKI_U.webp
Trainer,160,Brock,A1,224,U,normal,160,10000160,cTR_10_000160_00_TAKESHI_U.webp
Trainer,170,Sabrina,A1,225,U,normal,170,10000170,cTR_10_000170_00_NATSUME_U.webp
Trainer,180,Lt. Surge,A1,226,U,normal,180,10000180,cTR_10_000180_00_MATISSE_U.webp
Trainer,190,Mythical Slab,A1a,65,U,normal,190,10000190,cTR_10_000190_00_MABOROSHINOSEKIBAN_U.webp
Trainer,200,Pokémon Flute,A1a,64,U,normal,200,10000200,cTR_10_000200_00_POKEMONNOFUE_U.webp
Trainer,210,Blue,A1a,67,U,normal,210,10000210,cTR_10_000210_00_GREEN_U.webp
Trainer,220,Budding Expeditioner,A1a,66,U,normal,220,10000220,cTR_10_000220_00_KAKEDASHICHOSAIN_U.webp
Trainer,230,Leaf,A1a,68,U,normal,230,10000230,cTR_10_000230_00_LEAF_U.webp
Trainer,260,Skull Fossil,A2,144,C,normal,260,10000260,cTR_10_000260_00_ZUGAINOKASEKI_C.webp
Trainer,270,Armor Fossil,A2,145,C,normal,270,10000270,cTR_10_000270_00_TATENOKASEKI_C.webp
Trainer,280,Pokémon Communication,A2,146,U,normal,280,10000280,cTR_10_000280_00_POKEMONTSUUSHIN_U.webp
Trainer,290,Giant Cape,A2,147,U,normal,290,10000290,cTR_10_000290_00_OOKINAMANTO_U.webp
Trainer,300,Rocky Helmet,A2,148,U,normal,300,10000300,cTR_10_000300_00_GOTSUGOTSUMETTO_U.webp
Trainer,310,Lum Berry,A2,149,U,normal,310,10000310,cTR_10_000310_00_RAMUNOMI_U.webp
Trainer,320,Cyrus,A2,150,U,normal,320,10000320,cTR_10_000320_00_AKAGI_U.webp
Trainer,330,Team Galactic Grunt,A2,151,U,normal,330,10000330,cTR_10_000330_00_GINGADANNOSHITAPPA_U.webp
Trainer,340,Cynthia,A2,152,U,normal,340,10000340,cTR_10_000340_00_SHIRONA_U.webp
Trainer,350,Volkner,A2,153,U,normal,350,10000350,cTR_10_000350_00_DENZI_U.webp
Trainer,360,Dawn,A2,154,U,normal,360,10000360,cTR_10_000360_00_HIKARI_U.webp
Trainer,370,Mars,A2,155,U,normal,370,10000370,cTR_10_000370_00_MARS_U.webp
Trainer,380,Irida,A2a,72,U,normal,380,10000380,cTR_10_000380_00_KAI_U.webp
Trainer,390,Celestic Town Elder,A2a,73,U,normal,390,10000390,cTR_10_000390_00_KANNAGITOWNNOTYOUROU_U.webp
Trainer,400,Barry,A2a,74,U,normal,400,10000400,cTR_10_000400_00_JUN_U.webp
Trainer,410,Adaman,A2a,75,U,normal,410,10000410,cTR_10_000410_00_SEKI_U.webp
Trainer,420,Iono,A2b,69,U,normal,420,10000420,cTR_10_000420_00_NANJYAMO_U.webp
Trainer,430,Pokémon Center Lady,A2b,70,U,normal,430,10000430,cTR_10_000430_00_POKEMONCENTERNOONEESAN_U.webp
Trainer,440,Red,A2b,71,U,normal,440,10000440,cTR_10_000440_00_RED_U.webp
Trainer,450,Team Rocket Grunt,A2b,72,U,normal,450,10000450,cTR_10_000450_00_ROCKETDANNOSHITAPPA_U.webp
Trainer,460,Big Malasada,A3,142,U,normal,460,10000460,cTR_10_000460_00_OOKIIMARASADA_U.webp
Trainer,470,Fishing Net,A3,143,U,normal,470,10000470,cTR_10_000470_00_OSAKANANETTO_U.webp
Trainer,480,Rare Candy,A3,144,U,normal,480,10000480,cTR_10_000480_00_FUSHIGINAAME_U.webp
Trainer,490,Rotom Dex,A3,145,U,normal,490,10000490,cTR_10_000490_00_ROTOMUZUKAN_U.webp
Trainer,500,Poison Barb,A3,146,U,normal,500,10000500,cTR_10_000500_00_DOKUBARI_U.webp
Trainer,510,Leaf Cape,A3,147,U,normal,510,10000510,cTR_10_000510_00_LEAFMANTO_U.webp
Trainer,520,Acerola,A3,148,U,normal,520,10000520,cTR_10_000520_00_ACEROLA_U.webp
Trainer,530,Ilima,A3,149,U,normal,530,10000530,cTR_10_000530_00_ILIMA_U.webp
Trainer,540,Kiawe,A3,150,U,normal,540,10000540,cTR_10_000540_00_KAKI_U.webp
Trainer,550,Guzma,A3,151,U,normal,550,10000550,cTR_10_000550_00_GUZUMA_U.webp
Trainer,560,Lana,A3,152,U,normal,560,10000560,cTR_10_000560_00_SUIREN_U.webp
Trainer,570,Sophocles,A3,153,U,normal,570,10000570,cTR_10_000570_00_MAMANE_U.webp
Trainer,580,Mallow,A3,154,U,normal,580,10000580,cTR_10_000580_00_MAO_U.webp
Trainer,590,Lillie,A3,155,U,normal,590,10000590,cTR_10_000590_00_LILIE_U.webp
Trainer,600,Beast Wall,A3a,63,U,normal,600,10000600,cTR_10_000600_00_BISUTOWORU_U.webp
Trainer,610,Repel,A3a,64,U,normal,610,10000610,cTR_10_000610_00_MUSHIYOKESUPUREI_U.webp
Trainer,620,Electrical Cord,A3a,65,U,normal,620,10000620,cTR_10_000620_00_EREKIKORD_U.webp
Trainer,630,Beastite,A3a,66,U,normal,630,10000630,cTR_10_000630_00_BISUTONAITO_U.webp
Trainer,640,Gladion,A3a,67,U,normal,640,10000640,cTR_10_000640_00_GLAZIO_U.webp
Trainer,650,Looker,A3a,68,U,normal,650,10000650,cTR_10_000650_00_HANDSOME_U.webp
Trainer,660,Lusamine,A3a,69,U,normal,660,10000660,cTR_10_000660_00_LUSAMINE_U.webp
Trainer,670,Eevee Bag,A3b,66,U,normal,670,10000670,cTR_10_000670_00_IIBUINOBAKKU_U.webp
Trainer,680,Leftovers,A3b,67,U,normal,680,10000680,cTR_10_000680_00_TABENOKOSHI_U.webp
Trainer,690,Hau,A3b,68,U,normal,690,10000690,cTR_10_000690_00_HAU_U.webp
Trainer,700,Penny,A3b,69,U,normal,700,10000700,cTR_10_000700_00_BOTAN_U.webp
Trainer,710,Elemental Switch,A4,151,U,normal,710,10000710,cTR_10_000710_00_EREMENTARUTSUKEKAE_U.webp
Trainer,720,Squirt Bottle,A4,152,U,normal,720,10000720,cTR_10_000720_00_ZEHIGAMEJOURO_U.webp
Trainer,730,Steel Apron,A4,153,U,normal,730,10000730,cTR_10_000730_00_GOUTETUNOMAEKAKE_U.webp
Trainer,740,Dark Pendant,A4,154,U,normal,740,10000740,cTR_10_000740_00_DARKPENDANTO_U.webp
Trainer,750,Rescue Scarf,A4,155,U,normal,750,10000750,cTR_10_000750_00_RESUKYUSUKAFU_U.webp
Trainer,760,Will,A4,156,U,normal,760,10000760,cTR_10_000760_00_ITSUKI_U.webp
Trainer,770,Lyra,A4,157,U,normal,770,10000770,cTR_10_000770_00_KOTONE_U.webp
Trainer,780,Silver,A4,158,U,normal,780,10000780,cTR_10_000780_00_SILVER_U.webp
Trainer,790,Fisher,A4,159,U,normal,790,10000790,cTR_10_000790_00_FISHER_U.webp
Trainer,800,Jasmine,A4,160,U,normal,800,10000800,cTR_10_000800_00_MIKAN_U.webp
Trainer,810,Hiker,A4,161,U,normal,810,10000810,cTR_10_000810_00_HIKER_U.webp
Trainer,820,Inflatable Boat,A4a,67,U,normal,820,10000820,cTR_10_000820_00_WHOTABOTO_U.webp
Trainer,830,Memory Light,A4a,68,U,normal,830,10000830,cTR_10_000830_00_MEMORYLIGHT_U.webp
Trainer,840,Whitney,A4a,69,U,normal,840,10000840,cTR_10_000840_00_AKANE_U.webp
Trainer,850,Traveling Merchant,A4a,70,U,normal,850,10000850,cTR_10_000850_00_TABINOGYOUSHOUNIN_U.webp
Trainer,860,Morty,A4a,71,U,normal,860,10000860,cTR_10_000860_00_MATSUBA_U.webp
Trainer,870,Prank Spinner,B1,213,U,normal,870,10000870,cTR_10_000870_00_ITAZURAROULETTE_U.webp
Trainer,880,Plume Fossil,B1,214,C,normal,880,10000880,cTR_10_000880_00_HANENOKASEKI_C.webp
Trainer,890,Hitting Hammer,B1,215,U,normal,890,10000890,cTR_10_000890_00_HITHAMMER_U.webp
Trainer,900,Cover Fossil,B1,216,C,normal,900,10000900,cTR_10_000900_00_FUTANOKASEKI_C.webp
Trainer,910,Flame Patch,B1,217,U,normal,910,10000910,cTR_10_000910_00_FUREIMUPACCHI_U.webp
Trainer,920,Sitrus Berry,B1,218,U,normal,920,10000920,cTR_10_000920_00_OBONNOMI_U.webp
Trainer,930,Heavy Helmet,B1,219,U,normal,930,10000930,cTR_10_000930_00_BABYMET_U.webp
Trainer,940,Lucky Mittens,B1,220,U,normal,940,10000940,cTR_10_000940_00_LUCKYMITTENS_U.webp
Trainer,950,Marlon,B1,221,U,normal,950,10000950,cTR_10_000950_00_SHIZUI_U.webp
Trainer,960,Hala,B1,222,U,normal,960,10000960,cTR_10_000960_00_HALA_U.webp
Trainer,970,May,B1,223,U,normal,970,10000970,cTR_10_000970_00_HARUKA_U.webp
Trainer,980,Fantina,B1,224,U,normal,980,10000980,cTR_10_000980_00_MELISSA_U.webp
Trainer,990,Copycat,B1,225,U,normal,990,10000990,cTR_10_000990_00_MONOMANEMUSUME_U.webp
Trainer,1000,Lisia,B1,226,U,normal,1000,10001000,cTR_10_001000_00_RUCHIA_U.webp
Trainer,1010,Clemont’s Backpack,B1a,66,U,normal,1010,10001010,cTR_10_001010_00_CITRONNORYUKKU_U.webp
Trainer,1020,Quick-Grow Extract,B1a,67,U,normal,1020,10001020,cTR_10_001020_00_SOUJYUKUEKISU_U.webp
Trainer,1030,Clemont,B1a,68,U,normal,1030,10001030,cTR_10_001030_00_CITRON_U.webp
Trainer,1040,Serena,B1a,69,U,normal,1040,10001040,cTR_10_001040_00_SERENA_U.webp
Trainer,1050,Jaw Fossil,B2,144,C,normal,1050,10001050,cTR_10_001050_00_AGONOKASEKI_C.webp
Trainer,1060,Lucky Ice Pop,B2,145,U,normal,1060,10001060,cTR_10_001060_00_ATARITSUKIAISU_U.webp
Trainer,1070,Sail Fossil,B2,146,C,normal,1070,10001070,cTR_10_001070_00_HIRENOKASEKI_C.webp
Trainer,1080,Protective Poncho,B2,147,U,normal,1080,10001080,cTR_10_001080_00_MAMORINOPONCHO_U.webp
Trainer,1090,Metal Core Barrier,B2,148,U,normal,1090,10001090,cTR_10_001090_00_METARUKOABARIA_U.webp
Trainer,1100,Diantha,B2,149,U,normal,1100,10001100,cTR_10_001100_00_CARNE_U.webp
Trainer,1110,Sightseer,B2,150,U,normal,1110,10001110,cTR_10_001110_00_KANKOUKYAKU_U.webp
Trainer,1120,Juggler,B2,151,U,normal,1120,10001120,cTR_10_001120_00_JAGURA_U.webp
Trainer,1130,Piers,B2,152,U,normal,1130,10001130,cTR_10_001130_00_NEZU_U.webp
Trainer,1140,Training Area,B2,153,U,normal,1140,10001140,cTR_10_001140_00_TORENINGUERIA_U.webp
Trainer,1150,Starting Plains,B2,154,U,normal,1150,10001150,cTR_10_001150_00_HAJIMARINOHEIGEN_U.webp
Trainer,1160,Peculiar Plaza,B2,155,U,normal,1160,10001160,cTR_10_001160_00_FUSHIGINAHIROBA_U.webp
Trainer,1170,Electric Generator,B2a,86,U,normal,1170,10001170,cTR_10_001170_00_ELECTRICGENERATOR_U.webp
Trainer,1180,Big Air Balloon,B2a,87,U,normal,1180,10001180,cTR_10_001180_00_BIGAIRBALLOON_U.webp
Trainer,1190,Team Star Grunt,B2a,88,U,normal,1190,10001190,cTR_10_001190_00_TEAMSTARGRUNT_U.webp
Trainer,1200,Nemona,B2a,90,U,normal,1200,10001200,cTR_10_001200_00_NEMO_U.webp
Trainer,1210,Arven,B2a,91,U,normal,1210,10001210,cTR_10_001210_00_PEPER_U.webp
Trainer,1220,Mesagoza,B2a,93,U,normal,1220,10001220,cTR_10_001220_00_TABLECITY_U.webp
Trainer,1230,Nasty Notice,B2b,65,U,normal,1230,10001230,cTR_10_001230_00_IJIWARULETTER_U.webp
Trainer,1240,Maintenance,B2b,66,U,normal,1240,10001240,cTR_10_001240_00_MAINTENANCE_U.webp
Trainer,1250,Iris,B2b,67,U,normal,1250,10001250,cTR_10_001250_00_IRIS_U.webp
Trainer,1260,Calem,B2b,68,U,normal,1260,10001260,cTR_10_001260_00_CALME_U.webp
Trainer,1270,Hiking Trail,B2b,69,U,normal,1270,10001270,cTR_10_001270_00_HAIKINGUCOURSE_U.webp
Trainer,1280,Field Blower,B3,147,U,normal,1280,10001280,cTR_10_001280_00_FIELDBLOWER_U.webp
Trainer,1290,Lucky Egg,B3,148,U,normal,1290,10001290,cTR_10_001290_00_HAPPINESSEGG_U.webp
Trainer,1300,Korrina,B3,149,U,normal,1300,10001300,cTR_10_001300_00_CORNI_U.webp
Trainer,1310,Cabbie,B3,150,U,normal,1310,10001310,cTR_10_001310_00_TAXIDRIVER_U.webp
Trainer,1320,Cheren,B3,151,U,normal,1320,10001320,cTR_10_001320_00_CHEREN_U.webp
Trainer,1330,Parasol Lady,B3,152,U,normal,1330,10001330,cTR_10_001330_00_PARASOLGIRL_U.webp
Trainer,1340,Fragrant Forest,B3,153,U,normal,1340,10001340,cTR_10_001340_00_AMAKUKAORUMORI_U.webp
Trainer,1350,Arena of Antiquity,B3,154,U,normal,1350,10001350,cTR_10_001350_00_INISHIENOTOUGIJYOU_U.webp
Trainer,1360,Bounded Field,B3,155,U,normal,1360,10001360,cTR_10_001360_00_KEKKAINOFIELD_U.webp
Trainer,1370,Ancient Booster Energy Capsule,B3a,69,U,normal,1370,10001370,cTR_10_001370_00_BUSUTOENAJIKODAI_U.webp
Trainer,1380,Future Booster Energy Capsule,B3a,70,U,normal,1380,10001380,cTR_10_001380_00_BUSUTOENAJIMIRAI_U.webp
Trainer,1390,Juliana,B3a,71,U,normal,1390,10001390,cTR_10_001390_00_AOI_U.webp
Trainer,1400,Professor Sada,B3a,72,U,normal,1400,10001400,cTR_10_001400_00_OLIMHAKASE_U.webp
Trainer,1410,Professor Turo,B3a,73,U,normal,1410,10001410,cTR_10_001410_00_FUTUHAKASE_U.webp
Trainer,1420,Area Zero,B3a,74,U,normal,1420,10001420,cTR_10_001420_00_ERIAZERO_U.webp
Trainer,1430,Small Balloon,B3b,64,U,normal,1430,10001430,cTR_10_001430_00_CHIISANAFUUSEN_U.webp
Trainer,1440,Elegant Cape,B3b,65,U,normal,1440,10001440,cTR_10_001440_00_YUUGANAMANTO_U.webp
Trainer,1450,Elesa,B3b,66,U,normal,1450,10001450,cTR_10_001450_00_KAMITSURE_U.webp
Trainer,1460,Puppy-Loving Girl,B3b,67,U,normal,1460,10001460,cTR_10_001460_00_KOINUDAISUKIGARL_U.webp
Trainer,1470,Wallace,B3b,68,U,normal,1470,10001470,cTR_10_001470_00_MIKURI_U.webp
Trainer,1480,Kid’s Room,B3b,69,U,normal,1480,10001480,cTR_10_001480_00_KODOMOBEYA_U.webp
Trainer,1490,Order Pad,B4,145,U,normal,1490,10001490,cTR_10_001490_00_OTORIYOSEPADDO_U.webp
Trainer,1500,Claw Fossil,B4,146,C,normal,1500,10001500,cTR_10_001500_00_TSUMENOKASEKI_C.webp
Trainer,1510,Root Fossil,B4,147,C,normal,1510,10001510,cTR_10_001510_00_NEKKONOKASEKI_C.webp
Trainer,1520,Deceptive Needle,B4,148,U,normal,1520,10001520,cTR_10_001520_00_INCHIKIBARI_U.webp
Trainer,1530,Clear Veil,B4,149,U,normal,1530,10001530,cTR_10_001530_00_KURIAVEIL_U.webp
Trainer,1540,Psychic,B4,150,U,normal,1540,10001540,cTR_10_001540_00_SAIKIKKA_U.webp
Trainer,1550,Drayden,B4,151,U,normal,1550,10001550,cTR_10_001550_00_SYAGA_U.webp
Trainer,1560,Skyla,B4,152,U,normal,1560,10001560,cTR_10_001560_00_HUURO_U.webp
Trainer,1570,Wally,B4,153,U,normal,1570,10001570,cTR_10_001570_00_MITSURU_U.webp
Trainer,1580,Soothing Shore,B4,154,U,normal,1580,10001580,cTR_10_001580_00_IYASHINOUMIBE_U.webp
Trainer,1590,Rainbow Cave,B4,155,U,normal,1590,10001590,cTR_10_001590_00_NIJIIRONODOUKUTSU_U.webp
